id,symbol,name,image,current_price,market_cap,market_cap_rank,fully_diluted_valuation,total_volume,high_24h,low_24h,price_change_24h,price_change_percentage_24h,market_cap_change_24h,market_cap_change_percentage_24h,circulating_supply,total_supply,max_supply,ath,ath_change_percentage,ath_date,atl,atl_change_percentage,atl_date,roi,last_updated
bitcoin,btc,Bitcoin,https://coin-images.coingecko.com/coins/images/1/large/bitcoin.png?1696501400,102329,2046611163269,1,2046611163269,79352247572,103933,100992,-1148.824838,-1.11021,-31108896476,-1.49726,19948012,19948012,21000000,126080,-18.64672,2025-10-06T18:57:42.558Z,67.81,151163.295,2013-07-06T00:00:00.000Z,,2025-11-13T15:23:09.955Z
ethereum,eth,Ethereum,https://coin-images.coingecko.com/coins/images/279/large/ethereum.png?1696501628,3417.36,414252152499,2,414252152499,39483004823,3556.04,3374.02,-61.72099046,-1.77406,-9318014222,-2.19988,120696448,120696448,,4946.05,-30.70406,2025-08-24T19:21:03.333Z,0.432979,791488.4858,2015-10-20T00:00:00.000Z,"{'times': 43.655241869617804, 'currency': 'btc', 'percentage': 4365.52418696178}",2025-11-13T15:23:11.064Z
tether,usdt,Tether,https://coin-images.coingecko.com/coins/images/325/large/Tether.png?1696501661,1,184054821675,3,189522072721,110891799639,1.001,0.999463,0.00015727,0.01573,572488178,0.31201,184044208800,189511144596,,1.32,-24.42701,2018-07-24T00:00:00.000Z,0.572521,74.64908,2015-03-02T00:00:00.000Z,,2025-11-13T15:23:02.976Z
ripple,xrp,XRP,https://coin-images.coingecko.com/coins/images/44/large/xrp-symbol-white-128.png?1696501442,2.48,149725550427,4,249062096655,6018008609,2.52,2.32,0.077274,3.21358,4733285808,3.26451,60107199237,99985774127,100000000000,3.65,-31.76945,2025-07-18T03:40:53.808Z,0.00268621,92519.21768,2014-05-22T00:00:00.000Z,,2025-11-13T15:23:12.359Z
binancecoin,bnb,BNB,https://coin-images.coingecko.com/coins/images/825/large/bnb-icon2_2x.png?1696501970,961.35,132713061802,5,132713061802,1648875181,969.82,940.83,-0.000620948,-6.00E-05,-471416938.6,-0.35396,137737115,137737115,200000000,1369.99,-29.68718,2025-10-13T08:41:24.131Z,0.0398177,2419125.14,2017-10-19T00:00:00.000Z,,2025-11-13T15:23:10.933Z
solana,sol,Solana,https://coin-images.coingecko.com/coins/images/4128/large/solana.png?1718769756,154.8,85666190377,6,94933181137,5975910194,158.23,151.65,-3.427940655,-2.16641,-2243657539,-2.55223,554029684,613962172,,293.31,-47.18058,2025-01-19T11:15:27.957Z,0.500801,30835.56412,2020-05-11T19:35:23.449Z,,2025-11-13T15:23:09.475Z
usd-coin,usdc,USDC,https://coin-images.coingecko.com/coins/images/6319/large/usdc.png?1696506694,0.999709,75957123800,7,75945038047,10067117822,0.999899,0.9997,-0.000141698,-0.01417,-22386058.99,-0.02946,75979229000,75967139730,,1.17,-14.75216,2019-05-08T00:40:28.300Z,0.877647,13.90765,2023-03-11T08:02:13.981Z,,2025-11-13T15:23:08.828Z
staked-ether,steth,Lido Staked Ether,https://coin-images.coingecko.com/coins/images/13442/large/steth_logo.png?1696513206,3417.84,29530058917,8,29530058917,92871710,3554.23,3377.28,-62.93766959,-1.80815,-719200766.1,-2.37758,8629995,8629995,,4932.89,-30.66837,2025-08-24T19:21:31.902Z,482.9,608.23824,2020-12-22T04:08:21.854Z,,2025-11-13T15:23:12.674Z
tron,trx,TRON,https://coin-images.coingecko.com/coins/images/1094/large/tron-logo.png?1696502193,0.298842,28255108010,9,28255113976,737270329,0.299534,0.293879,0.00053297,0.17866,53820822,0.19085,94669012726,94669032716,,0.431288,-30.67942,2024-12-04T00:10:40.323Z,0.00180434,16469.56577,2017-11-12T00:00:00.000Z,"{'times': 156.2850823522724, 'currency': 'usd', 'percentage': 15628.508235227242}",2025-11-13T15:23:03.017Z
dogecoin,doge,Dogecoin,https://coin-images.coingecko.com/coins/images/5/large/dogecoin.png?1696501409,0.175742,26679581654,10,26679581654,2105434213,0.176739,0.167535,0.00074726,0.42702,50278038,0.18881,151757286384,151757286384,,0.731578,-75.94495,2021-05-08T05:08:23.458Z,0,202401.6175,2015-05-06T00:00:00.000Z,,2025-11-13T15:23:06.907Z
cardano,ada,Cardano,https://coin-images.coingecko.com/coins/images/975/large/cardano.png?1696502090,0.562214,20538299794,11,25255200204,1069653205,0.569908,0.539938,-0.006274214,-1.10367,-331537838.7,-1.5886,36595373755,45000000000,45000000000,3.09,-81.76518,2021-09-02T06:00:10.474Z,0.01925275,2823.70109,2020-03-13T02:22:55.044Z,,2025-11-13T15:23:06.134Z
figure-heloc,figr_heloc,Figure Heloc,https://coin-images.coingecko.com/coins/images/68480/large/figure.png?1755863954,1.019,13814188070,12,13814188070,5476036,1.036,1.01,-0.0167574,-1.6177,-240653044.4,-1.71224,13555044093,13555044093,,1.37,-25.59028,2025-10-28T06:05:38.345Z,0.155357,555.98623,2025-10-31T14:27:24.456Z,,2025-11-13T15:23:07.301Z
wrapped-steth,wsteth,Wrapped stETH,https://coin-images.coingecko.com/coins/images/18834/large/wstETH.png?1696518295,4179.49,13677337452,13,13684582217,21215823,4321.59,4120.31,-67.06307635,-1.57924,-314563408.4,-2.24818,3278002,3279738,,7256.02,-42.2369,2022-05-13T15:09:54.509Z,558.54,650.40309,2022-05-13T01:36:45.053Z,,2025-11-13T15:23:03.679Z
wrapped-bitcoin,wbtc,Wrapped Bitcoin,https://coin-images.coingecko.com/coins/images/7598/large/wrapped_bitcoin_wbtc.png?1696507857,102265,13011438087,14,13011438087,398840956,103816,100850,-1327.063178,-1.28105,-162504864.9,-1.23353,126763,126763,126763,125932,-18.71535,2025-10-06T18:55:19.650Z,3139.17,3160.83752,2019-04-02T00:00:00.000Z,,2025-11-13T15:23:03.827Z
wrapped-beacon-eth,wbeth,Wrapped Beacon ETH,https://coin-images.coingecko.com/coins/images/30061/large/wbeth-icon.png?1696528983,3701.5,12077336008,15,12077336008,8041367,3847.32,3652.24,-51.25914618,-1.3659,-318382061.6,-2.56848,3264285,3264285,,5330.78,-30.62843,2025-08-24T19:27:46.809Z,1501.6,146.27353,2025-04-09T03:57:40.245Z,,2025-11-13T15:23:03.394Z
whitebit,wbt,WhiteBIT Coin,https://coin-images.coingecko.com/coins/images/27045/large/wbt_token.png?1696526096,54.94,11781193405,16,17626019413,128522038,55.79,53.95,0.064843,0.11816,-29236689.4,-0.24755,214667998,321167998,400000000,55.79,-1.66877,2025-11-13T07:30:22.986Z,3.06,1691.9419,2023-02-13T19:01:21.899Z,,2025-11-13T15:23:03.246Z
chainlink,link,Chainlink,https://coin-images.coingecko.com/coins/images/877/large/Chainlink_Logo_500.png?1760023405,15.54,10843931990,17,15561358183,862557849,15.97,14.97,-0.191332816,-1.21621,-198883490.9,-1.80102,696849970,1000000000,1000000000,52.7,-70.45639,2021-05-10T00:13:57.214Z,0.148183,10406.23862,2017-11-29T00:00:00.000Z,,2025-11-13T15:23:11.219Z
hyperliquid,hype,Hyperliquid,https://coin-images.coingecko.com/coins/images/50882/large/hyperliquid.jpg?1729431300,38.78,10494224521,18,38750153097,397846530,39.78,37.77,-0.398268237,-1.01646,-137168123.9,-1.29022,270772999,999835210,1000000000,59.3,-34.65248,2025-09-18T03:30:30.650Z,3.81,917.48787,2024-11-29T09:30:30.871Z,,2025-11-13T15:23:08.485Z
bitcoin-cash,bch,Bitcoin Cash,https://coin-images.coingecko.com/coins/images/780/large/bitcoin-cash-circle.png?1696501932,525.42,10473596967,19,10473596967,370414666,530.55,499.81,-1.024859804,-0.19468,-29615084.55,-0.28196,19952516,19952516,21000000,3785.82,-86.10365,2017-12-20T00:00:00.000Z,76.93,583.81402,2018-12-16T00:00:00.000Z,,2025-11-13T15:23:05.543Z
usds,usds,USDS,https://coin-images.coingecko.com/coins/images/39926/large/usds.webp?1726666683,0.999936,9257926215,20,9257926215,7012060,1.001,0.998281,-0.000108057,-0.01081,49586110,0.53849,9258472479,9259615810,,1.057,-5.42663,2024-10-29T05:40:51.197Z,0.948265,5.44996,2024-10-03T13:19:28.826Z,,2025-11-13T15:23:02.824Z
stellar,xlm,Stellar,https://coin-images.coingecko.com/coins/images/100/large/fmpFRHHQ_400x400.jpg?1735231350,0.28416,9169876797,21,14278450623,319222224,0.298867,0.274371,-0.004820773,-1.6682,-128643264,-1.38348,32112043348,50001786884,50001786884,0.875563,-67.47876,2018-01-03T00:00:00.000Z,0.00047612,59704.64766,2015-03-05T00:00:00.000Z,,2025-11-13T15:23:09.238Z
binance-bridged-usdt-bnb-smart-chain,bsc-usd,Binance Bridged USDT (BNB Smart Chain),https://coin-images.coingecko.com/coins/images/35021/large/USDT.png?1707233575,0.999139,8981298404,22,8981298404,2149993360,1.001,0.998447,-0.000100184,-0.01003,-4730743.611,-0.05265,8984993193,8984993193,,1.05,-4.87848,2024-08-05T14:21:42.527Z,0.942186,6.00232,2024-12-05T22:30:39.827Z,,2025-11-13T15:23:05.687Z
wrapped-eeth,weeth,Wrapped eETH,https://coin-images.coingecko.com/coins/images/33033/large/weETH.png?1701438396,3696.93,8946158607,23,8945988675,27171339,3839.69,3645.99,-64.36114854,-1.71115,-211742317,-2.31213,2412569,2412523,,5296.78,-30.26851,2025-08-24T19:25:19.771Z,1505.24,145.37854,2025-04-09T03:45:31.391Z,,2025-11-13T15:23:03.953Z
weth,weth,WETH,https://coin-images.coingecko.com/coins/images/2518/large/weth.png?1696503332,3420.58,8878121551,24,8877331256,187533969,3552.76,3374.31,-48.52011813,-1.39864,447143996,5.30358,2583682,2583452,,4950.08,-30.70243,2025-08-24T19:28:11.411Z,82.1,4078.00302,2018-12-15T00:00:00.000Z,,2025-11-13T15:23:10.165Z
leo-token,leo,LEO Token,https://coin-images.coingecko.com/coins/images/8418/large/leo-token.png?1696508607,9.13,8424146663,25,8999654918,999958,9.23,8.96,-0.097970049,-1.06131,-78212995.89,-0.9199,922235592,985239504,,10.14,-9.88584,2025-03-10T09:26:43.294Z,0.799859,1041.84707,2019-12-24T15:14:35.376Z,,2025-11-13T15:23:09.168Z
ethena-usde,usde,Ethena USDe,https://coin-images.coingecko.com/coins/images/33613/large/usde.png?1733810059,0.998474,8207881068,26,8207881068,247745235,1,0.997461,-0.0011809,-0.11813,-124334695.4,-1.49222,8206728872,8206728872,,1.032,-3.35697,2023-12-20T15:38:34.596Z,0.929486,7.31043,2024-10-04T07:57:15.809Z,,2025-11-13T15:23:07.202Z
zcash,zec,Zcash,https://coin-images.coingecko.com/coins/images/486/large/circle-zcash-color.png?1696501740,492.22,8085277083,27,8085277083,1766892174,543.68,448.7,32.18,6.99418,450278724,5.89756,16383381,16383381,21000000,3191.93,-84.5152,2016-10-29T00:00:00.000Z,16.08,2973.75546,2024-07-05T04:22:29.321Z,,2025-11-13T15:23:04.072Z
litecoin,ltc,Litecoin,https://coin-images.coingecko.com/coins/images/2/large/litecoin.png?1696501400,100.96,7751326073,28,7752027032,1068703109,101.7,95.43,-0.394955845,-0.38967,-19845094.72,-0.25537,76508758,76515721,84000000,410.26,-75.32491,2021-05-10T03:13:07.904Z,1.15,8711.65196,2015-01-14T00:00:00.000Z,,2025-11-13T15:23:09.604Z
hedera-hashgraph,hbar,Hedera,https://coin-images.coingecko.com/coins/images/3688/large/hbar.png?1696504364,0.176829,7537234618,29,8872505965,336037987,0.180718,0.173238,-0.00388855,-2.15172,-176993281.7,-2.29437,42475229925,50000000000,50000000000,0.569229,-68.89846,2021-09-15T10:40:28.318Z,0.00986111,1695.32505,2020-01-02T17:30:24.852Z,,2025-11-13T15:23:09.100Z
coinbase-wrapped-btc,cbbtc,Coinbase Wrapped BTC,https://coin-images.coingecko.com/coins/images/40143/large/cbbtc.webp?1726136727,102571,7475521149,30,7464602602,704141106,103807,100942,-1161.307804,-1.11953,-126498218.5,-1.66401,73149,73042,,125954,-18.8554,2025-10-06T18:58:50.734Z,57439,77.93683,2024-09-12T14:07:41.775Z,,2025-11-13T15:23:05.907Z
sui,sui,Sui,https://coin-images.coingecko.com/coins/images/26375/large/sui-ocean-square.png?1727791290,2.02,7447737106,31,20231129102,833821922,2.04,1.95,-0.016971896,-0.83205,-108087762.8,-1.43052,3681325480,10000000000,10000000000,5.35,-62.09228,2025-01-04T22:56:18.063Z,0.364846,455.51116,2023-10-19T10:40:30.078Z,,2025-11-13T15:23:02.517Z
avalanche-2,avax,Avalanche,https://coin-images.coingecko.com/coins/images/12559/large/Avalanche_Circle_RedWhite_Trans.png?1696512369,17.2,7359401599,32,7902976795,527316487,17.66,16.68,-0.128635845,-0.74242,-72026412.64,-0.96921,428765099,460434260,720000000,144.96,-88.13624,2021-11-21T14:18:56.538Z,2.8,513.97571,2020-12-31T13:15:21.540Z,,2025-11-13T15:23:04.959Z
monero,xmr,Monero,https://coin-images.coingecko.com/coins/images/69/large/monero_logo.png?1696501460,379.9,7064736754,33,7064736754,186422951,402.43,376.85,-5.864386977,-1.52019,-79960660.63,-1.11916,18446744,18446744,,542.33,-29.51788,2018-01-09T00:00:00.000Z,0.216177,176719.5156,2015-01-14T00:00:00.000Z,,2025-11-13T15:23:09.975Z
shiba-inu,shib,Shiba Inu,https://coin-images.coingecko.com/coins/images/11939/large/shiba.png?1696511800,9.82E-06,5764565280,34,5767071602,163348811,9.90E-06,9.47E-06,-7.61E-08,-0.76871,-55484258.33,-0.95333,589244594392327,589500786620941,,8.62E-05,-88.59924,2021-10-28T03:54:55.568Z,5.64E-11,17426526.19,2020-11-28T11:26:25.838Z,,2025-11-13T15:23:12.396Z
the-open-network,ton,Toncoin,https://coin-images.coingecko.com/coins/images/17980/large/photo_2024-09-10_17.09.00.jpeg?1725963446,2.1,5219539212,35,10792851785,177915923,2.1,1.99,0.02231278,1.07617,45813856,0.88551,2488495313,5145657497,,8.25,-74.65379,2024-06-15T00:36:51.509Z,0.519364,302.79601,2021-09-21T00:33:11.092Z,,2025-11-13T15:23:02.707Z
uniswap,uni,Uniswap,https://coin-images.coingecko.com/coins/images/12504/large/uniswap-logo.png?1720676669,8.02,5061701478,36,8035814788,979654834,8.12,7.49,-0.060315366,-0.74622,-100339583.7,-1.9438,629892750,1000000000,1000000000,44.92,-82.13592,2021-05-03T05:25:04.822Z,1.03,678.91907,2020-09-17T01:20:38.214Z,,2025-11-13T15:23:03.011Z
polkadot,dot,Polkadot,https://coin-images.coingecko.com/coins/images/12171/large/polkadot.png?1696512008,3.02,4926201875,37,4926201875,270685639,3.04,2.88,-0.019363691,-0.63734,-67639293.95,-1.35445,1635223928,1635223928,,54.98,-94.50768,2021-11-04T14:10:09.301Z,2.13,41.83196,2025-10-10T21:27:58.296Z,,2025-11-13T15:23:11.589Z
crypto-com-chain,cro,Cronos,https://coin-images.coingecko.com/coins/images/7310/large/cro_token_logo.png?1696507599,0.127138,4620704790,38,12556397977,35078784,0.128934,0.12319,-0.001216954,-0.94812,-29047549.65,-0.62471,36120049496,98153363389,100000000000,0.965407,-86.77957,2021-11-24T15:53:54.855Z,0.0121196,953.09617,2019-02-08T00:00:00.000Z,,2025-11-13T15:23:06.343Z
ethena-staked-usde,susde,Ethena Staked USDe,https://coin-images.coingecko.com/coins/images/33669/large/sUSDe-Symbol-Color.png?1716307680,1.2,4554084312,39,4554084312,47357268,1.2,1.2,0.0009429,0.07842,-1067593.67,-0.02344,3784003403,3783907568,,1.29,-6.76512,2025-01-29T17:52:32.991Z,1.012,18.89978,2024-04-03T14:23:03.162Z,,2025-11-13T15:23:07.060Z
dai,dai,Dai,https://coin-images.coingecko.com/coins/images/9956/large/Badge_Dai.png?1696509996,0.998695,4533978453,40,4533978453,98930391,1.002,0.997592,-0.0027285,-0.27246,-29389114.7,-0.64402,4534544216,4533423413,,1.22,-18.08509,2020-03-13T03:02:50.373Z,0.88196,13.21217,2023-03-11T07:50:50.514Z,,2025-11-13T15:23:06.449Z
memecore,m,MemeCore,https://coin-images.coingecko.com/coins/images/53247/large/square-bg-transparent.png?1752637478,2.45,4154764702,41,12946167675,13308877,2.48,2.4,-0.014853323,-0.60162,-26517970.79,-0.63421,1701338566,5301338565,10000000000,2.96,-17.51186,2025-09-18T07:27:06.144Z,0.04746135,5042.36708,2025-07-04T03:56:17.448Z,,2025-11-13T15:23:09.529Z
mantle,mnt,Mantle,https://coin-images.coingecko.com/coins/images/30980/large/Mantle-Logo-mark.png?1739213200,1.27,4142696679,42,7920438405,113025325,1.3,1.24,-0.002728833,-0.21401,-29790392.91,-0.71397,3252944056,6219316795,6219316795,2.86,-55.46421,2025-10-09T01:04:46.659Z,0.307978,312.86196,2023-10-18T02:50:46.942Z,,2025-11-13T15:23:09.389Z
world-liberty-financial,wlfi,World Liberty Financial,https://coin-images.coingecko.com/coins/images/50767/large/wlfi.png?1756438915,0.151569,4133397210,43,15169024755,229211122,0.153965,0.140616,0.00176723,1.17971,19993874,0.48607,27248931798,100000000000,100000000000,0.331336,-54.26315,2025-09-01T12:20:09.597Z,0.104606,44.87029,2025-10-10T21:22:29.880Z,,2025-11-13T15:23:03.459Z
canton-network,cc,Canton,https://coin-images.coingecko.com/coins/images/70468/large/Canton-Ticker_%281%29.png?1762826299,0.115887,4050881410,44,4050941675,42977481,0.135333,0.114875,-0.008899514,-7.13181,-333201870.6,-7.60026,35020483763,35021004764,,0.159483,-27.6051,2025-11-10T09:46:17.203Z,0.096224,19.98852,2025-11-11T12:32:03.437Z,,2025-11-13T15:23:05.673Z
usdt0,usdt0,USDT0,https://coin-images.coingecko.com/coins/images/53705/large/usdt0.jpg?1737086183,0.999636,3861635919,45,3863625442,258406519,1.001,0.997502,0.00022512,0.02253,81345897,2.15184,3862818612,3864808745,,1.052,-4.96589,2025-01-23T22:34:53.341Z,0.975737,2.4656,2025-02-28T01:35:58.101Z,,2025-11-13T15:23:03.582Z
susds,susds,sUSDS,https://coin-images.coingecko.com/coins/images/52721/large/sUSDS_Coin.png?1734086971,1.075,3789521402,46,3788350556,68482158,1.091,1.058,-0.001960951,-0.18215,21407415,0.56812,3522999090,3521910591,,1.11,-2.31819,2025-10-10T21:52:27.019Z,0.961716,12.24225,2025-01-04T01:21:08.460Z,,2025-11-13T15:23:02.237Z
bittensor,tao,Bittensor,https://coin-images.coingecko.com/coins/images/28452/large/ARUsPeNQ_400x400.jpeg?1696527447,353.67,3402371823,47,7444634048,227750608,362.39,344.6,-8.716580489,-2.40532,-97436150.37,-2.78404,9597491,21000000,21000000,757.6,-53.24176,2024-03-07T18:45:36.466Z,30.83,1049.02061,2023-05-14T08:57:53.732Z,,2025-11-13T15:23:05.277Z
paypal-usd,pyusd,PayPal USD,https://coin-images.coingecko.com/coins/images/31212/large/PYUSD_Logo_%282%29.png?1696530039,0.999871,3317649313,48,3317649313,167125015,1.001,0.998893,0.00041651,0.04167,211481836,6.80845,3317006753,3317006753,,1.021,-2.01798,2023-10-23T22:44:57.056Z,0.959426,4.24347,2024-12-05T22:31:13.430Z,,2025-11-13T15:23:10.889Z
internet-computer,icp,Internet Computer,https://coin-images.coingecko.com/coins/images/14495/large/Internet_Computer_logo.png?1696514180,6.11,3316426142,49,3316426142,434433787,6.61,5.86,-0.040011048,-0.651,-31026999,-0.92688,540052772,540052772,,700.65,-99.12818,2021-05-10T16:05:53.653Z,2.23,173.72507,2025-10-10T21:26:36.019Z,,2025-11-13T15:23:08.592Z
near,near,NEAR Protocol,https://coin-images.coingecko.com/coins/images/10365/large/near.jpg?1696510367,2.56,3292539308,50,3292539328,355525046,2.6,2.49,-0.003659026,-0.14257,-16534112.81,-0.49966,1279863031,1279863039,,20.44,-87.4443,2022-01-16T22:09:45.873Z,0.526762,387.15497,2020-11-04T16:09:15.137Z,,2025-11-13T15:23:10.339Z
aave,aave,Aave,https://coin-images.coingecko.com/coins/images/12645/large/aave-token-round.png?1720472354,210.55,3193928079,51,3369336987,360115547,215.35,203.3,-0.7241225,-0.34274,-28857952.08,-0.89543,15167034,16000000,16000000,661.69,-68.15865,2021-05-18T21:19:59.514Z,26.02,709.62934,2020-11-05T09:20:11.928Z,,2025-11-13T15:23:04.002Z
bitget-token,bgb,Bitget Token,https://coin-images.coingecko.com/coins/images/11610/large/Bitget_logo.png?1736925727,4.1,2874443003,52,3777849654,69707113,4.14,4.05,-0.010108816,-0.24582,-11871118.07,-0.41129,699992036,919992036,2000000000,8.45,-51.43262,2024-12-27T11:41:24.992Z,0.0142795,28641.20753,2020-06-25T04:17:05.895Z,,2025-11-13T15:23:05.535Z
usd1-wlfi,usd1,USD1,https://coin-images.coingecko.com/coins/images/54977/large/USD1_1000x1000_transparent.png?1749297002,0.998774,2848029041,53,2848029041,310437185,0.999547,0.998266,-0.000315408,-0.03157,-98966.67262,-0.00347,2850069521,2850069521,,1.025,-2.55959,2025-05-12T12:36:39.412Z,0.989633,0.90558,2025-10-01T08:51:32.103Z,,2025-11-13T15:23:03.374Z
okb,okb,OKB,https://coin-images.coingecko.com/coins/images/4463/large/WeChat_Image_20220118095654.png?1696505053,122.66,2582227126,54,2582227126,39807777,125.29,121.44,-2.259577601,-1.80876,-54930972.63,-2.08296,21000000,21000000,21000000,255.5,-51.88911,2025-08-22T01:50:26.131Z,0.580608,21071.67953,2019-01-14T00:00:00.000Z,,2025-11-13T15:23:10.417Z
blackrock-usd-institutional-digital-liquidity-fund,buidl,BlackRock USD Institutional Digital Liquidity Fund,https://coin-images.coingecko.com/coins/images/36291/large/blackrock.png?1711013223,1,2524012248,55,2524012248,0,1,1,0,0,272428,0.01079,2524012248,2524012248,,1,0,2025-02-12T05:00:10.912Z,1,0,2025-02-12T05:45:10.196Z,,2025-11-13T15:20:03.168Z
c1usd,c1usd,Currency One USD,https://coin-images.coingecko.com/coins/images/69700/large/C1USD.webp?1759327591,0.978476,2495113574,56,2495113574,845583,1,0.977662,-0.021624578,-2.16224,-55144397.57,-2.16231,2550000000,2550000000,2550000000,1.084,-9.74065,2025-11-08T06:48:11.636Z,0.963687,1.53467,2025-11-03T08:44:26.287Z,,2025-11-13T15:23:05.619Z
pepe,pepe,Pepe,https://coin-images.coingecko.com/coins/images/29850/large/pepe-token.jpeg?1696528776,5.92E-06,2487110310,57,2487110310,309385492,5.97E-06,5.67E-06,-4.24E-08,-0.7108,-28264039.33,-1.12365,420690000000000,420690000000000,420690000000000,2.80E-05,-78.88778,2024-12-09T16:30:35.828Z,5.51E-08,10631.0785,2023-04-18T02:14:41.591Z,,2025-11-13T15:23:11.255Z
ethereum-classic,etc,Ethereum Classic,https://coin-images.coingecko.com/coins/images/453/large/ethereum-classic-logo.png?1696501717,15.6,2405741512,58,2405741512,93419290,15.8,15.12,-0.137470546,-0.87358,-26269036.86,-1.08014,154308787,154308787,210700000,167.09,-90.65636,2021-05-06T18:34:22.133Z,0.615038,2438.35487,2016-07-25T00:00:00.000Z,"{'times': 33.664263749368956, 'currency': 'usd', 'percentage': 3366.4263749368956}",2025-11-13T15:23:07.141Z
ethena,ena,Ethena,https://coin-images.coingecko.com/coins/images/36530/large/ethena.png?1711701436,0.314174,2330341427,59,4708751358,290459162,0.324152,0.302731,-0.009091857,-2.8125,-73150560.07,-3.04351,7423437500,15000000000,,1.52,-79.31343,2024-04-11T13:15:15.057Z,0.195078,60.94101,2024-09-06T21:04:48.253Z,,2025-11-13T15:23:07.324Z
pump-fun,pump,Pump.fun,https://coin-images.coingecko.com/coins/images/67164/large/pump.jpg?1751949376,0.00386359,2293034348,60,3886457417,344406857,0.00434011,0.00383061,-0.000476519,-10.97942,-275009397.1,-10.70891,590000000000,999989327502,1000000000000,0.00881908,-55.8829,2025-09-14T16:42:40.248Z,0.00228323,70.40471,2025-07-29T11:15:43.983Z,,2025-11-13T15:23:11.480Z
aptos,apt,Aptos,https://coin-images.coingecko.com/coins/images/26455/large/Aptos-Network-Symbol-Black-RGB-1x.png?1761789140,3.15,2276366328,61,3679431473,336826732,3.15,3,0.064537,2.09007,49488596,2.22233,732586058,1184124080,,19.92,-84.29775,2023-01-26T14:25:17.390Z,2.41,29.97751,2025-11-04T21:45:11.523Z,,2025-11-13T15:23:04.758Z
aster-2,aster,Aster,https://coin-images.coingecko.com/coins/images/69040/large/_ASTER.png?1757326782,1.1,2233230022,62,8854557255,696227408,1.15,1.083,-0.043726892,-3.81573,-102642772.4,-4.39419,2017700000,8000000000,8000000000,2.41,-54.13521,2025-09-24T11:18:14.634Z,0.099713,1007.93624,2025-09-17T12:05:36.771Z,,2025-11-13T15:23:04.778Z
jito-staked-sol,jitosol,Jito Staked SOL,https://coin-images.coingecko.com/coins/images/28046/large/JitoSOL-200.png?1696527060,192.32,2197870850,63,2197870850,39242429,196.18,188.29,-3.868640648,-1.97194,-101074723.7,-4.39657,11456287,11455333,,339.52,-43.30569,2025-01-19T11:21:54.080Z,0.57898,33146.20227,2023-09-12T10:21:17.665Z,,2025-11-13T15:23:08.844Z
tether-gold,xaut,Tether Gold,https://coin-images.coingecko.com/coins/images/10481/large/Tether_Gold.png?1696510471,4189.28,2187389581,64,2187389581,329850932,4227.04,4152.77,33.44,0.80464,39438678,1.83611,522089,522089,,4392.88,-4.65401,2025-10-17T05:01:31.881Z,1447.84,189.28833,2020-03-19T13:45:41.821Z,,2025-11-13T15:23:02.655Z
falcon-finance,usdf,Falcon USD,https://coin-images.coingecko.com/coins/images/54558/large/ff_200_X_200.png?1740741076,0.998026,2108616976,65,2108616976,619182,1.001,0.995936,-0.000424945,-0.04256,-656272.2507,-0.03111,2112215638,2112215638,,1.075,-7.08083,2025-05-08T21:25:42.071Z,0.943422,5.83733,2025-07-08T10:16:34.749Z,,2025-11-13T15:23:07.241Z
binance-peg-weth,weth,Binance-Peg WETH,https://coin-images.coingecko.com/coins/images/39580/large/weth.png?1723006716,3413.31,2066301551,66,2066301551,87438725,3551.2,3374.38,-51.6737882,-1.49131,-54199341.03,-2.55597,605000,605000,,4955.78,-31.21254,2025-08-24T19:14:00.505Z,1394.32,144.48905,2025-04-09T01:32:41.942Z,,2025-11-13T15:23:05.271Z
jupiter-perpetuals-liquidity-provider-token,jlp,Jupiter Perpetuals Liquidity Provider Token,https://coin-images.coingecko.com/coins/images/33094/large/jlp.png?1700631386,4.99,2052853644,67,2052853644,74562096,5.05,4.94,-0.055873621,-1.10731,-31931540.68,-1.53165,411838328,411973546,,5.99,-16.62097,2025-10-06T17:35:59.480Z,0.146839,3299.8859,2023-11-24T05:55:06.706Z,,2025-11-13T15:23:08.995Z
ondo-finance,ondo,Ondo,https://coin-images.coingecko.com/coins/images/26580/large/ONDO.png?1696525656,0.648519,2047902920,68,6482536289,90133214,0.662248,0.630503,-0.009658483,-1.46746,-39401175.35,-1.88766,3159107529,10000000000,10000000000,2.14,-69.67346,2024-12-16T00:36:00.777Z,0.082171,689.85941,2024-01-18T12:14:30.524Z,,2025-11-13T15:23:10.566Z
wrapped-solana,sol,Wrapped SOL,https://coin-images.coingecko.com/coins/images/21629/large/solana.jpg?1696520989,154.73,1993817652,69,1993817652,921818815,158.17,151.62,-3.433707657,-2.17095,-60524041.32,-2.94615,12916671,12916671,,290.3,-46.59076,2025-01-19T11:20:39.814Z,8.11,1811.67502,2022-12-29T20:45:41.226Z,,2025-11-13T15:23:04.123Z
pi-network,pi,Pi Network,https://coin-images.coingecko.com/coins/images/54342/large/pi_network.jpg?1739347576,0.22499,1872749905,70,2881153701,23521397,0.227721,0.220779,6.26E-05,0.02785,-2847065.22,-0.1518,8309873120,12784420185,100000000000,2.99,-92.46142,2025-02-26T16:41:03.732Z,0.172081,30.88214,2025-10-10T21:25:41.582Z,,2025-11-13T15:23:11.087Z
polygon-ecosystem-token,pol,POL (ex-MATIC),https://coin-images.coingecko.com/coins/images/32440/large/pol.png?1759114181,0.17567,1851897766,71,1851897766,104933839,0.176509,0.16729,-5.48E-05,-0.03119,627667,0.0339,10534582487,10534582487,,1.29,-86.3577,2024-03-13T18:55:06.692Z,0.128391,36.81079,2025-10-10T21:27:23.781Z,,2025-11-13T15:23:11.269Z
worldcoin-wld,wld,Worldcoin,https://coin-images.coingecko.com/coins/images/31069/large/worldcoin.jpeg?1696529903,0.797063,1804304766,72,7946750228,166622294,0.806272,0.748543,0.0051956,0.65612,-928694.0359,-0.05144,2270493868,10000000000,10000000000,11.74,-93.23618,2024-03-10T00:10:42.330Z,0.583741,36.03865,2025-04-07T07:06:11.379Z,,2025-11-13T15:23:04.192Z
htx-dao,htx,HTX DAO,https://coin-images.coingecko.com/coins/images/35491/large/Frame_1321318576.png?1708908626,1.82E-06,1692541200,73,1692541200,21412054,1.82E-06,1.80E-06,-3.69E-09,-0.20227,-494856.9145,-0.02923,930149437822426,930149437822426,999990000000000,3.75E-06,-51.49551,2024-12-04T00:16:20.770Z,8.01E-07,127.22376,2024-08-05T13:31:33.427Z,,2025-11-13T15:23:08.133Z
kucoin-shares,kcs,KuCoin,https://coin-images.coingecko.com/coins/images/1047/large/sa9z79.png?1696502152,12.98,1690301880,74,1853170605,9043174,13.27,12.72,-0.023883155,-0.18362,-1190543.292,-0.07038,129728857,142228857,,28.83,-54.79415,2021-12-01T15:09:35.541Z,0.342863,3701.16674,2019-02-07T00:00:00.000Z,,2025-11-13T15:23:08.882Z
algorand,algo,Algorand,https://coin-images.coingecko.com/coins/images/4380/large/download.png?1696504978,0.179107,1580337233,75,1580337233,87484008,0.180084,0.17076,-0.000976679,-0.54235,-4062635.302,-0.25641,8793832952,8793837641,10000000000,3.56,-94.96595,2019-06-20T14:51:19.480Z,0.087513,104.84859,2023-09-11T19:42:08.247Z,"{'times': -0.9253720980336695, 'currency': 'usd', 'percentage': -92.53720980336695}",2025-11-13T15:23:04.344Z
usdtb,usdtb,USDtb,https://coin-images.coingecko.com/coins/images/52804/large/76357aa8-4ef7-446c-bad3-a3f944eeec7a.jpeg?1758277468,0.998937,1534021286,76,1534021286,5745317,1.001,0.996185,0.00013364,0.01338,-47898333.28,-3.02786,1534396352,1534396352,,1.057,-5.36072,2025-09-20T13:20:33.315Z,0.900502,11.08829,2025-07-17T08:05:52.672Z,,2025-11-13T15:23:02.740Z
filecoin,fil,Filecoin,https://coin-images.coingecko.com/coins/images/12817/large/filecoin.png?1696512609,2.14,1532406218,77,4222391050,332310765,2.23,2.1,-0.089265493,-4.00977,-65409360.95,-4.09367,710901116,1958816451,1958816451,236.84,-99.09756,2021-04-01T13:29:41.564Z,0.848008,152.04006,2025-10-10T21:26:46.200Z,,2025-11-13T15:23:07.369Z
hash-2,hash,Provenance Blockchain,https://coin-images.coingecko.com/coins/images/66154/large/Hastra_Icon.png?1748497203,0.03000153,1531237389,78,2999242921,63314,0.03355656,0.02874076,0.00080076,2.74224,40286064,2.70204,51054130315,100000000000,100000000000,0.060147,-50.13535,2025-09-14T16:52:41.627Z,0.01378736,117.53305,2025-06-04T11:15:56.153Z,,2025-11-13T15:23:07.961Z
official-trump,trump,Official Trump,https://coin-images.coingecko.com/coins/images/53746/large/trump.png?1737171561,7.52,1507805960,79,7539030812,589326324,7.75,7.37,-0.176745366,-2.29628,-37165666.21,-2.40559,199999973,1000000000,1000000000,73.43,-89.73843,2025-01-19T11:50:34.806Z,4.29,75.61662,2025-01-18T03:40:29.231Z,,2025-11-13T15:23:10.544Z
rocket-pool-eth,reth,Rocket Pool ETH,https://coin-images.coingecko.com/coins/images/20764/large/reth.png?1696520159,3925.63,1487439365,80,1487439365,14469735,4079.03,3874.52,-65.72829963,-1.64677,-41811257.04,-2.7341,378223,378223,,5618.08,-29.71148,2025-08-24T19:25:20.811Z,887.26,345.0613,2022-06-18T20:55:45.957Z,,2025-11-13T15:23:11.922Z
arbitrum,arb,Arbitrum,https://coin-images.coingecko.com/coins/images/16547/large/arb.jpg?1721358242,0.267477,1471291539,81,2670369891,229252709,0.270936,0.257358,-0.003296373,-1.21739,-25915865.91,-1.73095,5509691911,10000000000,10000000000,2.39,-88.80861,2024-01-12T12:29:59.231Z,0.209573,27.64318,2025-10-10T21:25:12.404Z,,2025-11-13T15:23:09.132Z
vechain,vet,VeChain,https://coin-images.coingecko.com/coins/images/1167/large/VET.png?1742383283,0.0169666,1452321038,82,1452321038,38350195,0.01723597,0.01636205,-0.000161615,-0.94356,-29468196.07,-1.98869,85985041177,85985041177,86712634466,0.280991,-93.96116,2021-04-19T01:08:21.675Z,0.00191713,785.10281,2020-03-13T02:29:59.652Z,"{'times': 0.7379403238149802, 'currency': 'eth', 'percentage': 73.79403238149803}",2025-11-13T15:23:02.938Z
cosmos,atom,Cosmos Hub,https://coin-images.coingecko.com/coins/images/1481/large/cosmos_hub.png?1696502525,3,1426945861,83,1426945861,69111733,3.02,2.87,-0.025371524,-0.83974,-16905288.34,-1.17085,477902658,477905464,,44.45,-93.24821,2022-01-17T00:34:41.497Z,1.16,158.6971,2020-03-13T02:27:44.591Z,"{'times': 28.95996841180858, 'currency': 'usd', 'percentage': 2895.996841180858}",2025-11-13T15:23:06.430Z
binance-staked-sol,bnsol,Binance Staked SOL,https://coin-images.coingecko.com/coins/images/40132/large/bnsol.png?1725968367,167.27,1418461099,84,1418461099,2761113,170.71,163.49,-3.44269903,-2.0167,-42361474.8,-2.89984,8491688,8491688,,297.96,-43.93767,2025-01-19T11:30:53.744Z,100.21,66.6902,2025-04-07T06:56:20.488Z,,2025-11-13T15:23:05.125Z
pax-gold,paxg,PAX Gold,https://coin-images.coingecko.com/coins/images/9519/large/paxgold.png?1696509604,4191.65,1397652947,85,1397652947,262894215,4231.3,4155.6,34.86,0.83873,21323391,1.54929,333355,333355,,4448.72,-5.80073,2025-10-16T23:50:09.513Z,1399.64,199.4096,2019-11-18T03:09:35.959Z,,2025-11-13T15:23:11.150Z
gatechain-token,gt,Gate,https://coin-images.coingecko.com/coins/images/8183/large/200X200.png?1735246724,11.76,1380049118,86,3528199692,5654453,12.08,11.36,0.072262,0.61842,6163409,0.44861,117344474,300000000,,25.94,-54.67553,2025-01-25T03:07:37.823Z,0.25754,4465.07562,2020-03-13T02:18:02.481Z,,2025-11-13T15:23:07.503Z
kaspa,kas,Kaspa,https://coin-images.coingecko.com/coins/images/25751/large/kaspa-icon-exchanges.png?1696524837,0.050319,1349288626,87,1356131128,47375327,0.05096,0.04739907,0.00123999,2.52651,27202596,2.05755,26777148611,26913039611,28704026601,0.207411,-75.61785,2024-08-01T00:40:47.164Z,0.00017105,29465.26877,2022-05-26T14:42:59.316Z,,2025-11-13T15:23:08.791Z
syrupusdt,syrupusdt,syrupUSDT,https://coin-images.coingecko.com/coins/images/69514/large/syrupUSDT.png?1761824990,1.1,1335666305,88,1335666305,433743,1.1,1.1,0.00021688,0.01968,51788314,4.03374,1211969390,1211969390,,1.11,-0.37198,2025-10-10T21:40:27.453Z,1.093,0.79454,2025-09-30T09:40:48.362Z,,2025-11-13T15:23:02.040Z
sky,sky,Sky,https://coin-images.coingecko.com/coins/images/39925/large/sky.jpg?1724827980,0.058707,1334758866,89,1367014484,33364733,0.059889,0.056492,-0.001060692,-1.7747,-30803598.65,-2.25574,22909047926,23462665147,23462665147,0.100535,-42.03183,2024-12-04T10:13:57.264Z,0.03582727,62.665,2025-02-03T05:01:48.626Z,,2025-11-13T15:23:12.378Z
bfusd,bfusd,BFUSD,https://coin-images.coingecko.com/coins/images/68227/large/bfusd.png?1755132827,0.99979,1319725556,90,1319725556,9037887,0.999899,0.999576,9.21E-05,0.00922,-92047.50031,-0.00697,1320000000,1320000000,,1.007,-0.70833,2025-10-10T21:40:40.468Z,0.99712,0.26797,2025-11-07T12:33:03.134Z,,2025-11-13T15:23:05.034Z
quant-network,qnt,Quant,https://coin-images.coingecko.com/coins/images/3370/large/5ZOu7brX_400x400.jpg?1696504070,89.64,1304996915,91,1311126740,39559599,91.69,79.8,7.23,8.77244,102783054,8.54948,14544176,14612493,14612493,427.42,-79.02537,2021-09-11T09:15:00.668Z,0.215773,41448.36209,2018-08-23T00:00:00.000Z,"{'times': 10.280465494954717, 'currency': 'eth', 'percentage': 1028.0465494954717}",2025-11-13T15:23:11.729Z
kinetic-staked-hype,khype,Kinetiq Staked HYPE,https://coin-images.coingecko.com/coins/images/67388/large/khype.png?1752632397,38.96,1294322795,92,1294322795,37285249,39.86,38,-0.398121356,-1.01159,-33536611.26,-2.52561,33475164,33468533,,59.44,-34.88028,2025-09-18T01:45:16.367Z,29.77,30.03561,2025-10-10T21:25:06.289Z,,2025-11-13T15:23:08.851Z
binance-bridged-usdc-bnb-smart-chain,usdc,Binance Bridged USDC (BNB Smart Chain),https://coin-images.coingecko.com/coins/images/35220/large/USDC.jpg?1707919050,0.999101,1288209912,93,1288209912,237873929,1.002,0.997264,0.00094477,0.09465,805239,0.06255,1288999880,1288999880,,1.031,-3.18221,2024-03-05T20:15:29.285Z,0.942892,5.8711,2024-12-05T22:30:25.440Z,,2025-11-13T15:23:05.497Z
wbnb,wbnb,Wrapped BNB,https://coin-images.coingecko.com/coins/images/12591/large/binance-coin-logo.png?1696512401,961.57,1280407130,94,1280407130,778109877,969.54,941.64,-1.051771583,-0.10926,-13077402.48,-1.01102,1334572,1333519,,1372.03,-29.78247,2025-10-13T08:47:24.374Z,23.6,3981.69951,2020-09-24T13:48:40.532Z,,2025-11-13T15:23:03.839Z
story-2,ip,Story,https://coin-images.coingecko.com/coins/images/54035/large/Transparent_bg.png?1738075331,3.84,1279699663,95,3943058003,132937624,4.23,3.69,-0.390078876,-9.21853,-107601054.7,-7.75614,330299274,1017731406,,14.78,-73.92814,2025-09-21T21:07:34.521Z,1,285.41163,2025-02-14T03:11:08.309Z,,2025-11-13T15:23:12.802Z
render-token,render,Render,https://coin-images.coingecko.com/coins/images/11636/large/rndr.png?1696511529,2.38,1238003357,96,1273239929,115690718,2.48,2.3,-0.047814948,-1.96555,-39586191.43,-3.09851,518584616,533344789,644245094,13.53,-82.36302,2024-03-17T16:30:24.636Z,0.03665669,6412.07634,2020-06-16T13:22:25.900Z,,2025-11-13T15:23:11.790Z
syrupusdc,syrupusdc,syrupUSDC,https://coin-images.coingecko.com/coins/images/54658/large/syrupUSDC.png?1761824955,1.14,1224217464,97,1224217464,7088811,1.14,1.14,-0.000145803,-0.01284,3898760,0.31949,1077838729,1077222995,,1.14,-0.05413,2025-08-17T23:46:01.758Z,1.055,7.69795,2025-08-01T06:27:19.933Z,,2025-11-13T15:23:02.106Z
ignition-fbtc,fbtc,Function FBTC,https://coin-images.coingecko.com/coins/images/39182/large/Function_Token_%282%29.png?1760254065,102490,1223838898,98,1223838898,313629,103853,100416,-1057.301752,-1.02108,-23174718.82,-1.85842,11972,11972,,127954,-20.22995,2025-10-06T12:50:40.428Z,11469.83,789.89176,2024-09-10T18:18:02.102Z,,2025-11-13T15:23:08.273Z
kelp-dao-restaked-eth,rseth,Kelp DAO Restaked ETH,https://coin-images.coingecko.com/coins/images/33800/large/Icon___Dark.png?1702991855,3608.05,1220917791,99,1220917791,209250,3757.61,3568.8,-69.6142103,-1.89289,-37760980.99,-3.00005,336641,336641,,5190.42,-30.18657,2025-08-24T19:13:49.359Z,1029.61,251.94079,2025-09-02T07:53:14.684Z,,2025-11-13T15:23:08.730Z
lombard-staked-btc,lbtc,Lombard Staked BTC,https://coin-images.coingecko.com/coins/images/39969/large/LBTC_Logo.png?1724959872,102517,1206314053,100,1206314053,18408434,104632,100986,-996.0939387,-0.96229,-23307807.54,-1.89553,11774,11774,,125812,-18.69584,2025-10-06T19:07:38.572Z,52119,96.26271,2024-09-06T21:01:52.094Z,,2025-11-13T15:23:09.137Z
flare-networks,flr,Flare,https://coin-images.coingecko.com/coins/images/28624/large/FLR-icon200x200.png?1696527609,0.0152487,1195002564,101,1590411758,7100276,0.01567903,0.01515431,-0.000430333,-2.74464,-38604243.37,-3.12938,78372444555,104304022020,,0.150073,-89.82844,2023-01-10T03:14:05.921Z,0.00827405,84.48949,2023-10-19T03:35:41.663Z,,2025-11-13T15:23:07.301Z
liquid-staked-ethereum,lseth,Liquid Staked ETH,https://coin-images.coingecko.com/coins/images/28848/large/LsETH-receipt-token-circle.png?1696527824,3717.35,1161567648,102,1161567648,188535,3827.74,3641.87,-49.52482925,-1.31475,-33734761.24,-2.82228,314749,314749,,5334.09,-30.8154,2025-08-24T19:17:38.271Z,1384.61,166.52829,2023-03-10T11:26:12.210Z,,2025-11-13T15:23:09.037Z
sei-network,sei,Sei,https://coin-images.coingecko.com/coins/images/28205/large/Sei_Logo_-_Transparent.png?1696527207,0.176304,1101198833,103,1762231418,104272125,0.178172,0.169501,0.00012198,0.06923,-6171142.196,-0.55728,6248888888,10000000000,,1.14,-84.52161,2024-03-16T02:30:23.904Z,0.095364,84.98636,2023-10-19T08:05:30.655Z,,2025-11-13T15:23:12.398Z
nexo,nexo,NEXO,https://coin-images.coingecko.com/coins/images/3695/large/CG-nexo-token-200x200_2x.png?1730414360,1.1,1100354116,104,1100354116,9201156,1.11,1.07,0.00926241,0.84785,6172218,0.56409,1000000000,1000000000,1000000000,4.07,-72.93104,2021-05-12T14:37:47.535Z,0.04515276,2338.73777,2018-09-13T00:00:00.000Z,"{'times': 10.01726507178003, 'currency': 'usd', 'percentage': 1001.726507178003}",2025-11-13T15:23:10.325Z
jupiter-exchange-solana,jup,Jupiter,https://coin-images.coingecko.com/coins/images/34188/large/jup.png?1704266489,0.338287,1086748898,105,2363125715,38793154,0.346366,0.328396,-0.008079135,-2.33254,-31541998.42,-2.82055,3218688889,6999010071,10000000000,2,-83.11845,2024-01-31T15:02:47.304Z,0.212468,58.90975,2025-10-10T21:28:07.176Z,,2025-11-13T15:23:09.170Z
ripple-usd,rlusd,Ripple USD,https://coin-images.coingecko.com/coins/images/39651/large/RLUSD_200x200_%281%29.png?1727376633,1,1075831644,106,1075831644,169274812,1.001,0.999387,8.94E-05,0.00893,25985439,2.47517,1075198083,1075198083,,1.073,-6.74134,2024-12-26T10:45:52.337Z,0.962292,3.97008,2024-12-18T04:40:40.880Z,,2025-11-13T15:23:11.963Z
morpho,morpho,Morpho,https://coin-images.coingecko.com/coins/images/29837/large/Morpho-token-icon.png?1726771230,2,1056185793,107,2003382156,36160016,2.13,2,0.00112628,0.05627,50413,0.00477,527201358,1000000000,1000000000,4.17,-51.8788,2025-01-17T12:46:19.818Z,0.713151,181.41942,2024-11-25T01:55:43.353Z,,2025-11-13T15:23:10.081Z
global-dollar,usdg,Global Dollar,https://coin-images.coingecko.com/coins/images/51281/large/GDN_USDG_Token_200x200.png?1730484111,0.999664,1055829471,108,1055829471,36601891,1,0.999581,-8.65E-05,-0.00865,-10219043.68,-0.95859,1056315296,1056315296,,1.65,-39.58192,2025-01-30T00:11:05.728Z,0.907561,10.14428,2024-11-11T23:55:50.604Z,,2025-11-13T15:23:07.650Z
renzo-restaked-eth,ezeth,Renzo Restaked ETH,https://coin-images.coingecko.com/coins/images/34753/large/Ezeth_logo_circle.png?1713496404,3638.49,1042688915,109,1042688915,814069,3775.92,3586.24,-48.71779212,-1.32126,-25698916.07,-2.40539,285917,285917,,5227.06,-30.41277,2025-08-24T19:25:30.766Z,1454.43,150.08883,2025-04-09T01:30:57.856Z,,2025-11-13T15:23:11.818Z
solv-btc,solvbtc,Solv Protocol BTC,https://coin-images.coingecko.com/coins/images/36800/large/solvBTC.png?1719810684,102317,1030246593,110,1030246593,973171,103471,100583,-1068.690354,-1.03369,-16561815.2,-1.58212,10077,10077,21000000,125693,-19.0399,2025-10-06T17:25:17.426Z,49058,107.43134,2024-08-05T06:28:45.311Z,,2025-11-13T15:23:12.417Z
xdce-crowd-sale,xdc,XDC Network,https://coin-images.coingecko.com/coins/images/2912/large/xdc-icon.png?1696503661,0.057262,1018214673,111,2180836615,41173738,0.060228,0.056884,-0.002954297,-4.90616,-54918009.04,-5.11754,17757182699,38032759912,,0.192754,-70.29143,2021-08-21T04:39:48.324Z,0.00039532,14385.67776,2019-07-22T00:00:00.000Z,"{'times': 1.2285308926582619, 'currency': 'eth', 'percentage': 122.8530892658262}",2025-11-13T15:23:04.261Z
hashnote-usyc,usyc,Circle USYC,https://coin-images.coingecko.com/coins/images/51054/large/Hashnote_SDYC_200x200.png?1730370965,1.11,1014509713,112,1062616830,283.31,1.11,1.11,-6.98E-06,-0.00063,,,961314987,961314987,,1.12,-1.02458,2025-03-04T19:26:50.778Z,1.026,7.72589,2024-12-05T22:31:20.475Z,,2025-11-13T15:23:07.919Z
bonk,bonk,Bonk,https://coin-images.coingecko.com/coins/images/28600/large/bonk.jpg?1696527587,1.24E-05,1012053278,113,1083416481,150927528,1.28E-05,1.20E-05,-4.02E-07,-3.14471,-42551212.67,-4.0348,82199166771264,87995300217968,87995300217968,5.83E-05,-78.8354,2024-11-20T04:01:06.465Z,8.61E-08,14211.65475,2022-12-29T22:48:46.755Z,,2025-11-13T15:23:05.497Z
first-digital-usd,fdusd,First Digital USD,https://coin-images.coingecko.com/coins/images/31079/large/FDUSD_icon_black.png?1731097953,0.996708,979328297,114,979328297,616957403,1.003,0.992788,-0.001168143,-0.11706,1296265,0.13254,982910610,982910610,,1.15,-13.1798,2025-02-03T02:30:49.959Z,0.940377,6.29663,2024-12-05T22:30:51.394Z,,2025-11-13T15:23:07.613Z
pudgy-penguins,pengu,Pudgy Penguins,https://coin-images.coingecko.com/coins/images/52622/large/PUDGY_PENGUINS_PENGU_PFP.png?1733809110,0.01453612,914351360,115,1159697958,189279375,0.01512602,0.01408497,-0.000587215,-3.88284,-43166264.34,-4.50814,62860396090,79727176456,88888888888,0.068447,-78.79584,2024-12-17T13:05:22.873Z,0.00371517,290.65646,2025-04-09T01:31:57.832Z,,2025-11-13T15:23:11.483Z
aerodrome-finance,aero,Aerodrome Finance,https://coin-images.coingecko.com/coins/images/31745/large/token.png?1696530564,0.969119,882367134,116,1737904537,213074290,1.23,0.952939,-0.207026716,-17.60213,-189995196.6,-17.71744,906118074,1784684233,,2.32,-57.99488,2024-12-07T14:00:38.622Z,1.86E-05,5229527.986,2023-10-17T01:23:50.860Z,,2025-11-13T15:23:04.244Z
mantle-staked-ether,meth,Mantle Staked Ether,https://coin-images.coingecko.com/coins/images/33345/large/symbol_transparent_bg.png?1701697066,3700.2,861030879,117,861030879,3911710,3831.08,3649.62,-46.89001498,-1.25137,-13672218.49,-1.56307,231118,231118,,5312.55,-29.97764,2025-08-24T19:26:54.562Z,1485.62,150.39884,2025-04-09T01:32:38.082Z,,2025-11-13T15:23:09.335Z
dash,dash,Dash,https://coin-images.coingecko.com/coins/images/19/large/dash-logo.png?1696501423,67.85,848653829,118,848715720,269722485,70.81,63.75,0.71563,1.06596,8716115,1.03771,12480161,12481082,18920000,1493.59,-95.44867,2017-12-20T00:00:00.000Z,0.213899,31680.56391,2014-02-14T00:00:00.000Z,,2025-11-13T15:23:06.458Z
immutable-x,imx,Immutable,https://coin-images.coingecko.com/coins/images/17233/large/immutableX-symbol-BLK-RGB.png?1696516787,0.43296,846391504,119,861706042,27696886,0.439042,0.412963,-0.004947091,-1.12971,-17402545.44,-2.01466,1964455307,2000000000,2000000000,9.52,-95.45208,2021-11-26T01:03:01.536Z,0.334412,29.46884,2025-10-10T21:28:36.503Z,,2025-11-13T15:23:08.506Z
pancakeswap-token,cake,PancakeSwap,https://coin-images.coingecko.com/coins/images/12632/large/pancakeswap-cake-logo_%281%29.png?1696512440,2.49,843114023,120,878562330,97533450,2.54,2.44,-0.024774294,-0.98422,-13521455.03,-1.57844,338846834,353093480,450000000,43.96,-94.32218,2021-04-30T10:08:22.934Z,0.194441,1183.80291,2020-11-03T14:29:34.165Z,,2025-11-13T15:23:11.084Z
arbitrum-bridged-wbtc-arbitrum-one,wbtc,Arbitrum Bridged WBTC (Arbitrum One),https://coin-images.coingecko.com/coins/images/39532/large/wbtc.png?1722810336,102122,829667490,121,829667490,229517921,103927,100875,-1151.709149,-1.1152,-15704279.68,-1.85768,8130,8130,,126226,-19.25919,2025-10-06T19:06:49.202Z,49594,105.5004,2024-08-05T13:30:13.831Z,,2025-11-13T15:23:04.560Z
virtual-protocol,virtual,Virtuals Protocol,https://coin-images.coingecko.com/coins/images/34057/large/LOGOMARK.png?1708356054,1.27,828735514,122,1263158398,313319433,1.34,1.25,-0.067274555,-5.01986,-48698164.94,-5.55007,656082021,1000000000,1000000000,5.07,-74.92766,2025-01-02T06:15:38.599Z,0.00748604,16863.80048,2024-01-23T20:55:21.653Z,,2025-11-13T15:23:03.562Z
rain,rain,Rain,https://coin-images.coingecko.com/coins/images/69134/large/Rain_logo_1_.png?1762952191,0.00343013,815167383,123,3949118311,6626100,0.00351903,0.00328271,5.41E-05,1.60104,8787694,1.08977,237375145958,1149975520071,1150000000000,0.00448189,-23.31965,2025-10-01T12:03:48.762Z,0.00222126,54.72,2025-09-14T08:56:57.416Z,,2025-11-13T15:23:11.530Z
superstate-short-duration-us-government-securities-fund-ustb,ustb,Superstate Short Duration U.S. Government Securities Fund (USTB),https://coin-images.coingecko.com/coins/images/35012/large/ustb.jpeg?1707102680,10.89,807883795,124,806379721,0,10.89,10.89,0.002188,0.0201,32672468,4.21465,74183510,74045399,,10.89,0,2025-11-13T14:20:06.445Z,10.29,5.82646,2025-02-26T09:55:09.261Z,,2025-11-13T15:20:04.373Z
optimism,op,Optimism,https://coin-images.coingecko.com/coins/images/25244/large/Optimism.png?1696524385,0.425924,800436256,125,1812664915,115389558,0.426424,0.393278,0.00526456,1.2515,-2358132.671,-0.29374,1896570907,4294967296,4294967296,4.84,-91.26959,2024-03-06T08:35:50.817Z,0.322746,31.04055,2025-11-04T21:37:42.211Z,,2025-11-13T15:23:10.882Z
fetch-ai,fet,Artificial Superintelligence Alliance,https://coin-images.coingecko.com/coins/images/5681/large/ASI.png?1719827289,0.303815,796885614,126,830394910,151354882,0.330795,0.302875,-0.026979205,-8.15588,-71459079.68,-8.22934,2604849777,2714384547,2714384547,3.45,-91.18581,2024-03-28T17:21:18.050Z,0.00816959,3626.6877,2020-03-13T02:24:18.347Z,"{'times': 2.5042139983119123, 'currency': 'usd', 'percentage': 250.42139983119122}",2025-11-13T15:23:07.346Z
clbtc,clbtc,clBTC,https://coin-images.coingecko.com/coins/images/54164/large/clBTC.png?1738482999,100387,791058032,127,791058032,4.03,104341,100139,-3125.277071,-3.01925,-20512661.71,-2.52753,7723,7723,,129190,-20.71651,2025-07-24T19:16:34.717Z,51493,98.91301,2025-04-21T12:36:24.067Z,,2025-11-13T15:23:08.901Z
celestia,tia,Celestia,https://coin-images.coingecko.com/coins/images/31967/large/tia.jpg?1696530772,0.937593,783788330,128,1077370829,92203685,0.962691,0.909113,-0.024353637,-2.5317,-19588427.17,-2.43826,837975713,1151855104,,20.85,-95.52269,2024-02-10T14:30:02.495Z,0.510806,82.76443,2025-10-10T21:28:04.078Z,,2025-11-13T15:23:05.847Z
ousg,ousg,OUSG,https://coin-images.coingecko.com/coins/images/29023/large/OUSG.png?1696527993,113.27,783565286,129,783565286,0,113.27,113.26,0.011536,0.01019,79804,0.01019,6917844,6917844,,113.27,0,2025-11-12T21:35:03.627Z,95.09,19.11512,2023-03-22T20:00:17.106Z,,2025-11-13T15:20:04.169Z
fasttoken,ftn,Fasttoken,https://coin-images.coingecko.com/coins/images/28478/large/lightenicon_200x200.png?1696527472,1.75,762695541,130,1531004863,2811579,2,1.73,0.01786393,1.03196,9643146,1.28054,433774830,870742437,1000000000,4.61,-61.83945,2025-07-27T09:55:16.106Z,0.398142,341.60255,2023-01-21T10:15:39.503Z,,2025-11-13T15:23:07.201Z
injective-protocol,inj,Injective,https://coin-images.coingecko.com/coins/images/12882/large/Other_200x200.png?1738782212,7.64,760516774,131,760516774,101915579,7.75,7.15,-0.104628559,-1.351,-20325103.79,-2.60297,100000000,100000000,,52.62,-85.4752,2024-03-14T15:06:22.124Z,0.657401,1062.61569,2020-11-03T16:19:30.576Z,,2025-11-13T15:23:08.684Z
janus-henderson-anemoy-aaa-clo-fund,jaaa,Janus Henderson Anemoy AAA CLO Fund,https://coin-images.coingecko.com/coins/images/70446/large/jaaa.png?1762078666,1.013,759552041,132,759552041,0,1.013,1.013,0,0,759552041,0,750157815,750157815,,1.013,0,2025-11-13T04:05:04.645Z,1.013,0,2025-11-13T04:05:04.645Z,,2025-11-13T15:20:04.550Z
blockstack,stx,Stacks,https://coin-images.coingecko.com/coins/images/2069/large/Stacks_Logo_png.png?1709979332,0.410253,743217345,133,743217345,21162129,0.422027,0.399486,-0.011774133,-2.7899,-18455905.06,-2.42307,1810714954,1810714954,,3.86,-89.40011,2024-04-01T12:34:58.342Z,0.04559639,798.34742,2020-03-13T02:29:26.415Z,"{'times': 2.418772794098189, 'currency': 'usd', 'percentage': 241.87727940981893}",2025-11-13T15:23:05.496Z
jupiter-staked-sol,jupsol,Jupiter Staked SOL,https://coin-images.coingecko.com/coins/images/37482/large/jupsol.png?1714473916,178.34,732983068,134,732983054,7494439,181.6,174.51,-3.262403743,-1.79648,-24008419.71,-3.17156,4131963,4131962,,309.67,-42.70645,2025-01-19T11:22:28.048Z,105.7,67.84665,2025-04-07T07:01:06.676Z,,2025-11-13T15:23:08.693Z
lido-dao,ldo,Lido DAO,https://coin-images.coingecko.com/coins/images/13573/large/Lido_DAO.png?1696513326,0.814759,726380647,135,815613200,77829764,0.849405,0.780409,-0.00889812,-1.08032,-12626919.15,-1.70863,890594521,1000000000,1000000000,7.3,-88.841,2021-08-20T08:35:20.158Z,0.40615,100.64701,2022-06-18T20:55:12.035Z,,2025-11-13T15:23:09.219Z
stakewise-v3-oseth,oseth,StakeWise Staked ETH,https://coin-images.coingecko.com/coins/images/33117/large/Frame_27513839.png?1700732599,3563.94,696448282,136,696448282,376106,3638.85,3528.83,-53.77266769,-1.48637,-15041130.65,-2.11403,195279,195279,,5206.8,-31.5161,2025-08-24T19:14:00.394Z,1459.73,144.27965,2025-04-09T01:32:44.161Z,,2025-11-13T15:23:01.595Z
ondo-us-dollar-yield,usdy,Ondo US Dollar Yield,https://coin-images.coingecko.com/coins/images/31700/large/usdy_%281%29.png?1696530524,1.096,683220583,137,683715757,79814,1.11,1.087,-0.010266512,-0.92825,-6531380.654,-0.94692,623595211,624047171,,1.26,-13.29296,2024-03-27T05:24:08.110Z,0.934184,17.23066,2024-01-14T11:40:50.825Z,,2025-11-13T15:23:10.464Z
curve-dao-token,crv,Curve DAO,https://coin-images.coingecko.com/coins/images/12124/large/Curve.png?1696511967,0.479063,676040003,138,1102517746,131429650,0.479062,0.446545,0.00409601,0.86238,-2074802.594,-0.30597,1424131060,2322539728,3030303031,15.37,-96.88321,2020-08-14T00:00:00.000Z,0.180354,165.65297,2024-08-05T11:41:26.119Z,,2025-11-13T15:23:06.455Z
the-graph,grt,The Graph,https://coin-images.coingecko.com/coins/images/13397/large/Graph_Token.png?1696513159,0.063991,674813160,139,689151446,28649714,0.065339,0.062345,-0.001347329,-2.06207,-18067239.61,-2.60756,10575555669,10800262816,10800262823,2.84,-97.74895,2021-02-12T07:28:45.775Z,0.04626017,38.26858,2025-10-10T21:28:00.362Z,,2025-11-13T15:23:02.698Z
newton-project,ab,AB,https://coin-images.coingecko.com/coins/images/4376/large/400%E6%96%B9.png?1740377493,0.0077872,667435975,140,761830146,41141410,0.00850042,0.00594934,0.00183056,30.73145,157068964,30.77569,86578966460,98823661261,100000000000,0.01727373,-54.98096,2025-03-22T08:04:44.760Z,3.80E-06,204284.2188,2022-10-11T02:32:18.937Z,"{'times': 2.244665712967904, 'currency': 'usd', 'percentage': 224.46657129679042}",2025-11-13T15:23:10.144Z
cgeth-hashkey-cloud,cgeth.hashkey,cgETH Hashkey Cloud,https://coin-images.coingecko.com/coins/images/54162/large/Cgeth_Hashkey.png?1738482570,3284.93,656753748,141,656753748,10.46,,,,,,,199929,199929,,4746.13,-30.78703,2025-08-24T19:06:16.774Z,1362.23,141.14401,2025-10-25T14:44:57.711Z,,2025-11-08T05:19:46.061Z
starknet,strk,Starknet,https://coin-images.coingecko.com/coins/images/26433/large/starknet.png?1696525507,0.143644,646063743,142,1416800032,189568481,0.14713,0.135257,-0.003482279,-2.36686,-32054966.08,-4.72704,4560020668,10000000000,10000000000,4.41,-96.80206,2024-02-20T12:05:13.556Z,0.082871,70.32025,2025-10-10T21:27:59.565Z,,2025-11-13T15:23:01.792Z
tezos,xtz,Tezos,https://coin-images.coingecko.com/coins/images/976/large/Tezos-logo.png?1696502091,0.603448,642798704,143,654905801,21435427,0.605303,0.573392,0.00598683,1.00205,7430230,1.16944,1065180487,1085244153,,9.12,-93.37151,2021-10-04T00:41:18.025Z,0.350476,72.41044,2018-12-07T00:00:00.000Z,"{'times': 0.28393126337947616, 'currency': 'usd', 'percentage': 28.393126337947617}",2025-11-13T15:23:02.394Z
beldex,bdx,Beldex,https://coin-images.coingecko.com/coins/images/5111/large/Beldex.png?1696505631,0.083549,625156371,144,830908673,10359063,0.083933,0.082147,0.00136937,1.6663,10240070,1.66528,7477424557,9938404769,,0.450785,-81.46628,2018-12-17T00:00:00.000Z,0.00027519,30260.3205,2019-11-01T11:05:12.090Z,"{'times': -0.6658021268148827, 'currency': 'usd', 'percentage': -66.58021268148828}",2025-11-13T15:23:08.108Z
l2-standard-bridged-weth-base,weth,L2 Standard Bridged WETH (Base),https://coin-images.coingecko.com/coins/images/39810/large/weth.png?1724139790,3423.05,623192756,145,623192756,1317068560,3553.61,3374.92,-56.98951793,-1.63761,6263137,1.01521,182169,182169,,4952.69,-30.90442,2025-08-24T19:25:21.091Z,1394.17,145.4568,2025-04-09T01:31:06.248Z,,2025-11-13T15:23:09.570Z
tbtc,tbtc,tBTC,https://coin-images.coingecko.com/coins/images/11224/large/0x18084fba666a33d37592fa2633fd49a74dd93a88.png?1696511155,101968,608405975,146,608405975,31739013,103876,100247,-769.3949215,-0.74889,-12795597.16,-2.05981,5979,5979,,125646,-18.83975,2025-10-06T17:18:25.106Z,10104.3,909.2216,2020-09-23T00:00:00.000Z,,2025-11-13T15:23:02.204Z
spx6900,spx,SPX6900,https://coin-images.coingecko.com/coins/images/31401/large/centeredcoin_%281%29.png?1737048493,0.645399,603804093,147,603804093,22784379,0.682158,0.625761,-0.035735468,-5.24646,-35047391.68,-5.486,930993081,930993081,1000000000,2.27,-71.47942,2025-07-28T11:24:33.852Z,0.00131808,49032.41129,2024-02-04T19:12:19.110Z,,2025-11-13T15:23:12.788Z
polygon-pos-bridged-dai-polygon-pos,dai,Polygon PoS Bridged DAI (Polygon POS),https://coin-images.coingecko.com/coins/images/39787/large/dai.png?1724110678,0.999664,595705440,148,595705440,12231801,1,0.999128,-0.000136267,-0.01363,2000812,0.337,595956198,595956198,,1.025,-2.47618,2024-12-05T22:35:45.220Z,0.957024,4.44666,2024-12-05T22:30:49.634Z,,2025-11-13T15:23:11.249Z
iota,iota,IOTA,https://coin-images.coingecko.com/coins/images/692/large/IOTA_Thumbnail_%281%29.png?1743772896,0.142827,592079861,149,678745213,14151514,0.145824,0.136784,-0.001422165,-0.98591,-8767285.823,-1.45915,4141093134,4747243274,,5.25,-97.27249,2017-12-19T00:00:00.000Z,0.081637,75.36213,2020-03-13T02:22:41.168Z,"{'times': 0.04172867513231418, 'currency': 'btc', 'percentage': 4.1728675132314175}",2025-11-13T15:23:08.570Z
pyth-network,pyth,Pyth Network,https://coin-images.coingecko.com/coins/images/31924/large/pyth.png?1701245725,0.102718,589736243,150,1025631285,28241063,0.104224,0.097689,-0.000803556,-0.77622,-8118185.045,-1.35789,5749982977,10000000000,10000000000,1.2,-91.44376,2024-03-16T07:01:15.357Z,0.06672,53.42433,2025-10-10T21:26:11.082Z,,2025-11-13T15:23:11.709Z
doublezero,2z,DoubleZero,https://coin-images.coingecko.com/coins/images/68339/large/Coingecko_-_PFP.png?1755694420,0.168292,585325132,151,1686127156,21480404,0.175467,0.164473,-0.007175039,-4.08912,-25817316.59,-4.22444,3471417500,10000000000,10000000000,0.893679,-81.13274,2025-10-02T13:11:45.813Z,0.150956,11.69683,2025-11-04T05:58:04.490Z,,2025-11-13T15:23:06.734Z
floki,floki,FLOKI,https://coin-images.coingecko.com/coins/images/16746/large/PNG_image.png?1696516318,6.05E-05,582225939,152,602835881,63772738,6.23E-05,5.82E-05,-1.76E-06,-2.82856,-18900986.22,-3.14426,9658116859774,10000000000000,10000000000000,0.00034495,-82.46296,2024-06-05T07:25:59.137Z,8.43E-08,71677.45548,2021-07-06T01:11:20.438Z,,2025-11-13T15:23:07.579Z
usdai,usdai,USDai,https://coin-images.coingecko.com/coins/images/55857/large/USDai_Token_Full_Glyph.png?1755229050,1.004,581481157,153,581481157,3484508,1.006,1.003,8.05E-05,0.00802,916274,0.15782,578429985,578429985,,1.19,-15.42017,2025-09-04T16:12:39.608Z,0.769779,30.52077,2025-09-26T20:45:27.490Z,,2025-11-13T15:23:02.705Z
bridged-usdc-polygon-pos-bridge,usdc.e,Polygon Bridged USDC (Polygon PoS),https://coin-images.coingecko.com/coins/images/33000/large/usdc_normal.png?1758615648,0.999708,579003555,154,579003555,37186774,0.999901,0.999672,-6.64E-06,-0.00066,-1082812.239,-0.18666,579100117,579100117,,1.028,-2.73605,2024-04-14T06:50:14.967Z,0.975633,2.46583,2024-02-28T17:40:28.349Z,,2025-11-13T15:23:08.450Z
kaia,kaia,Kaia,https://coin-images.coingecko.com/coins/images/39901/large/KAIA.png?1724734368,0.098006,573811302,155,573811321,22696541,0.099808,0.096522,-0.001197127,-1.20675,-8135111.881,-1.39791,5856641747,5856641936,,0.406698,-75.91864,2024-12-03T00:11:32.242Z,0.055452,76.61852,2025-10-10T21:28:07.138Z,,2025-11-13T15:23:08.727Z
msol,msol,Marinade Staked SOL,https://coin-images.coingecko.com/coins/images/17752/large/mSOL.png?1696517278,207.24,567117532,156,567117532,8121868,211.38,202.72,-4.00415639,-1.89548,-29927665.8,-5.01263,2747202,2747230,2747230,363.77,-42.90847,2025-01-19T11:26:02.862Z,8.93,2225.60259,2022-12-29T20:45:33.039Z,,2025-11-13T15:23:09.967Z
soon-2,soon,SOON,https://coin-images.coingecko.com/coins/images/55124/large/red_2.PNG?1743843131,2,566638074,157,1985215475,31675411,2.25,1.99,-0.09930499,-4.72818,-23768520.85,-4.02579,280802731,983791865,,2.77,-27.12114,2025-11-05T21:57:15.651Z,0.130374,1449.51929,2025-07-05T21:30:50.442Z,,2025-11-13T15:23:12.486Z
decred,dcr,Decred,https://coin-images.coingecko.com/coins/images/329/large/dcr.png?1762890696,32.88,566453192,158,566453192,23741668,38.26,32.47,-4.902918142,-12.97549,-68870592.41,-10.84024,17120390,17120390,21000000,247.35,-86.67702,2021-04-17T00:41:14.790Z,0.43154,7536.49771,2016-12-26T00:00:00.000Z,,2025-11-13T15:23:06.344Z
arbitrum-bridged-weth-arbitrum-one,weth,Arbitrum Bridged WETH (Arbitrum One),https://coin-images.coingecko.com/coins/images/39713/large/WETH.PNG?1723731496,3420.62,553033990,159,553033990,591394063,3556.04,3374.46,-46.5730825,-1.34325,-2320576.369,-0.41785,161840,161384,,4952.19,-31.04682,2025-08-24T19:25:21.070Z,1395.31,144.72693,2025-04-09T01:32:31.046Z,,2025-11-13T15:23:04.888Z
sonic-3,s,Sonic,https://coin-images.coingecko.com/coins/images/38108/large/200x200_Sonic_Logo.png?1734679256,0.14641,552979072,160,567695150,75763038,0.147793,0.140072,-0.000799474,-0.54309,-8391200.301,-1.49477,3784775845,3885497663,,1.029,-85.80767,2025-01-04T21:35:44.705Z,0.10875,34.35007,2025-10-10T21:27:27.328Z,,2025-11-13T15:23:12.679Z
telcoin,tel,Telcoin,https://coin-images.coingecko.com/coins/images/1899/large/tel.png?1696502892,0.0059157,552816378,161,581439259,42352280,0.00671831,0.00297931,0.00288529,95.21134,264646239,91.8368,95077236367,100000000000,100000000000,0.064483,-90.85565,2021-05-11T00:32:24.043Z,6.47E-05,9008.53938,2020-03-13T02:24:47.992Z,"{'times': 4.91570166732967, 'currency': 'usd', 'percentage': 491.570166732967}",2025-11-13T15:23:02.243Z
ether-fi,ethfi,Ether.fi,https://coin-images.coingecko.com/coins/images/35958/large/etherfi.jpeg?1710254562,0.971519,545342282,162,965395507,78732477,0.987117,0.915555,-0.008113543,-0.82822,-7848177.51,-1.41871,564063015,998535999,1000000000,8.53,-88.66582,2024-03-27T23:14:46.721Z,0.40432,139.08825,2025-04-07T06:55:38.982Z,,2025-11-13T15:23:07.134Z
usual-usd,usd0,Usual USD,https://coin-images.coingecko.com/coins/images/38272/large/USD0LOGO.png?1716962811,0.997557,544017948,163,544017948,9038067,1.001,0.996594,-0.00120489,-0.12064,-2769604.141,-0.50652,545877398,545877398,,1.33,-24.8251,2024-07-12T08:28:59.311Z,0.962885,3.50078,2025-04-10T08:30:51.088Z,,2025-11-13T15:23:02.755Z
ethereum-name-service,ens,Ethereum Name Service,https://coin-images.coingecko.com/coins/images/19785/large/ENS.jpg?1727872989,14.13,533197991,164,1409744649,53522687,14.35,13.67,-0.161429096,-1.12942,-7658091.849,-1.41592,37822310,100000000,100000000,83.4,-83.04295,2021-11-11T02:20:01.099Z,6.69,111.36438,2023-10-19T02:35:00.861Z,,2025-11-13T15:23:07.163Z
ether-fi-liquid-eth,liquideth,Ether.Fi Liquid ETH,https://coin-images.coingecko.com/coins/images/70219/large/liquideth.png?1761117977,3635.37,530760831,165,530760831,10273.31,3768.76,3571.64,-46.16253839,-1.25389,-20742225.78,-3.76104,146195,146195,,4507.99,-19.06569,2025-10-27T05:30:49.462Z,3277.14,11.3323,2025-11-04T21:40:51.518Z,,2025-11-13T15:23:07.198Z
syrup,syrup,Maple Finance,https://coin-images.coingecko.com/coins/images/51232/large/_syrup_token_logo.png?1747292046,0.466987,530577301,166,566675089,48606471,0.476248,0.437646,0.01954404,4.36794,19247956,3.7643,1138658593,1216127148,,0.653229,-28.53459,2025-06-25T14:15:45.145Z,0.085229,447.73806,2025-04-07T07:46:35.793Z,,2025-11-13T15:23:02.086Z
stader-ethx,ethx,Stader ETHx,https://coin-images.coingecko.com/coins/images/30870/large/staderx.png?1696529717,3660.74,527679438,167,527679438,129125,3817.34,3621.8,-76.82347564,-2.05544,-12946888.63,-2.39479,143694,143694,,5253.42,-30.00839,2025-08-24T19:18:48.111Z,1474.49,149.37136,2025-04-09T01:32:31.885Z,,2025-11-13T15:23:01.531Z
gteth,gteth,GTETH,https://coin-images.coingecko.com/coins/images/69320/large/gteth-logo.jpeg?1758190986,3411.39,526006073,168,526006073,744640,3552.76,3374.4,-60.27505903,-1.7362,-14530984.07,-2.68825,153820,153820,,4751.71,-27.9732,2025-10-07T13:30:07.330Z,3083.74,10.9853,2025-11-04T21:41:38.001Z,,2025-11-13T15:23:07.774Z
the-sandbox,sand,The Sandbox,https://coin-images.coingecko.com/coins/images/12129/large/sandbox_logo.jpg?1696511971,0.20005,520891726,169,597972541,52186883,0.203663,0.192461,-0.003613222,-1.77412,-11571973,-2.17329,2613289192,3000000000,3000000000,8.4,-97.61716,2021-11-25T06:04:40.957Z,0.02897764,590.4712,2020-11-04T15:59:14.441Z,,2025-11-13T15:23:02.468Z
mantle-bridged-usdt-mantle,usdt,Mantle Bridged USDT (Mantle),https://coin-images.coingecko.com/coins/images/35069/large/logo.png?1707291114,1,510457406,170,510457406,2022161,1.007,0.990212,0.00585872,0.58925,-1289777.026,-0.25203,508958948,508958948,,1.26,-20.99071,2024-03-27T05:23:28.006Z,0.517934,92.96777,2025-10-10T21:22:13.569Z,,2025-11-13T15:23:09.388Z
trust-wallet-token,twt,Trust Wallet,https://coin-images.coingecko.com/coins/images/11085/large/Trust.png?1696511026,1.21,501720883,171,1204178576,21202080,1.23,1.18,-0.017527401,-1.42946,-15110619.57,-2.9237,416649900,1000000000,,2.72,-55.54105,2022-12-11T23:25:46.205Z,0.00277641,43470.18489,2020-06-09T09:15:06.983Z,,2025-11-13T15:23:02.683Z
plasma,xpl,Plasma,https://coin-images.coingecko.com/coins/images/66489/large/Plasma-symbol-green-1.png?1755142558,0.260773,496254502,172,2627229717,200340527,0.268988,0.254378,-0.004044774,-1.52738,-4476235.173,-0.89394,1888888889,10000000000,,1.68,-84.41191,2025-09-28T01:31:40.327Z,0.229687,14.19374,2025-11-04T21:38:05.918Z,,2025-11-13T15:23:11.167Z
true-usd,tusd,TrueUSD,https://coin-images.coingecko.com/coins/images/3449/large/tusd.png?1696504140,0.996168,492672008,173,492672008,7237963,0.998771,0.994827,-0.001118467,-0.11215,-347912.0902,-0.07057,494515083,494515083,,1.62,-38.51064,2018-08-26T20:41:09.375Z,0.88355,12.63802,2020-03-12T10:47:51.380Z,,2025-11-13T15:23:02.669Z
conflux-token,cfx,Conflux,https://coin-images.coingecko.com/coins/images/13079/large/3vuYMbjN.png?1696512867,0.095621,491779327,174,546450875,50090082,0.101032,0.094419,-0.00540802,-5.35292,-32417466.71,-6.18422,5153896129,5726859382,,1.7,-94.37766,2021-03-27T03:43:35.178Z,0.02199898,334.68966,2022-12-30T08:16:30.345Z,,2025-11-13T15:23:06.126Z
bitcoin-cash-sv,bsv,Bitcoin SV,https://coin-images.coingecko.com/coins/images/6799/large/BSV.png?1696507128,23.61,472335362,175,472335362,13866175,24.19,23.07,-0.578855057,-2.39329,-10799665.8,-2.23533,19946775,19946775,21000000,489.75,-95.17725,2021-04-16T17:09:04.630Z,18.95,24.62703,2025-10-10T21:23:38.446Z,,2025-11-13T15:23:05.158Z
dogwifcoin,wif,dogwifhat,https://coin-images.coingecko.com/coins/images/33566/large/dogwifhat.jpg?1702499428,0.473752,470875605,176,470875605,142922346,0.485743,0.445392,-0.009327004,-1.93074,-13117714.07,-2.71031,998926392,998926392,998926392,4.83,-90.25842,2024-03-31T09:34:58.366Z,0.00155464,30136.98041,2023-12-13T07:13:50.873Z,,2025-11-13T15:23:06.800Z
ether-fi-staked-eth,eeth,ether.fi Staked ETH,https://coin-images.coingecko.com/coins/images/33049/large/ether.fi_eETH.png?1700473063,3418.3,464639382,177,9412848117,23453,3550.05,3369.95,-50.15284097,-1.44597,-7216076.783,-1.5293,135501,2745032,,5307.23,-35.69113,2024-08-06T16:16:30.007Z,975.47,249.88352,2025-09-02T06:51:33.410Z,,2025-11-13T15:23:07.336Z
bittorrent,btt,BitTorrent,https://coin-images.coingecko.com/coins/images/22457/large/btt_logo.png?1696521780,4.67E-07,461094858,178,462936718,13194624,4.77E-07,4.65E-07,-9.14E-09,-1.91897,-8845330.305,-1.88222,986061142857000,990000000000000,990000000000000,3.43E-06,-86.38118,2022-01-21T04:00:31.909Z,3.65E-07,27.90074,2023-10-13T05:10:41.241Z,,2025-11-13T15:23:05.349Z
gala,gala,GALA,https://coin-images.coingecko.com/coins/images/12493/large/GALA_token_image_-_200PNG.png?1709725869,0.00991985,460742900,179,460742900,78435605,0.01022718,0.00942035,-0.000296606,-2.90322,-18644903.66,-3.88932,46584160868,46584160868,50000000000,0.824837,-98.79714,2021-11-26T01:03:48.731Z,0.00013475,7263.00545,2020-12-28T08:46:48.367Z,,2025-11-13T15:23:07.553Z
myx-finance,myx,MYX Finance,https://coin-images.coingecko.com/coins/images/55506/large/myx.jpg?1746434335,2.41,460322714,180,2412985651,35866401,2.63,2.39,-0.108832552,-4.31534,-19028136.35,-3.96956,190768940,1000000000,1000000000,19.03,-87.31784,2025-09-11T03:15:27.945Z,0.04700553,5035.52646,2025-06-19T17:36:45.581Z,,2025-11-13T15:23:10.021Z
jasmycoin,jasmy,JasmyCoin,https://coin-images.coingecko.com/coins/images/13876/large/JASMY200x200.jpg?1696513620,0.00951701,458802243,181,473773485,29679696,0.00959268,0.00906512,-1.42E-05,-0.14951,-3721040.535,-0.80451,48419999999,50000000000,50000000000,4.79,-99.80132,2021-02-16T03:53:32.207Z,0.00275026,246.04567,2022-12-29T20:41:09.113Z,,2025-11-13T15:23:08.658Z
steakhouse-usdc-morpho-vault,steakusdc,Steakhouse USDC Morpho Vault,https://coin-images.coingecko.com/coins/images/51473/large/steakUSDC.png?1731396462,1.11,456968649,182,456968649,0,1.11,1.11,5.17E-06,0.00047,-3919327.231,-0.85039,413432756,413432756,,9.61,-88.50367,2025-02-07T09:20:06.126Z,1.034,6.93349,2025-02-28T11:10:02.135Z,,2025-11-13T15:20:01.848Z
sbtc-2,sbtc,sBTC,https://coin-images.coingecko.com/coins/images/54285/large/sbtc-logo-orange-bg-white-circle-1000px_2.png?1739000556,104825,456727442,183,456727442,62746,114073,100423,927.53,0.89273,2425426,0.53388,4382,4382,,209313,-50.25994,2025-10-18T13:10:54.662Z,50597,105.76833,2025-06-06T20:20:33.912Z,,2025-11-13T15:23:12.137Z
coinbase-wrapped-staked-eth,cbeth,Coinbase Wrapped Staked ETH,https://coin-images.coingecko.com/coins/images/27008/large/cbeth.png?1709186989,3774.76,456602048,184,1405958267,13331365,3914.87,3716.26,-56.26466425,-1.46866,-12723962.2,-2.71111,121245,373334,,5441.47,-30.13048,2025-08-24T19:27:49.680Z,1036.96,266.64307,2022-11-09T23:45:43.665Z,,2025-11-13T15:23:05.975Z
sweth,sweth,Swell Ethereum,https://coin-images.coingecko.com/coins/images/30326/large/_lB7zEtS_400x400.jpg?1696529227,3741.43,453494779,185,453507423,57636,3898.13,3690.53,-56.31032405,-1.48273,-11697744.74,-2.5146,121323,121326,,5370.2,-30.21155,2025-08-24T19:22:28.159Z,1516.13,147.19439,2025-04-09T01:31:40.463Z,,2025-11-13T15:23:01.988Z
theta-token,theta,Theta Network,https://coin-images.coingecko.com/coins/images/2538/large/theta-token-logo.png?1696503349,0.451634,452826040,186,452826040,21301937,0.471062,0.440707,-0.017685299,-3.76829,-16638412.73,-3.54413,1000000000,1000000000,1000000000,15.72,-97.12426,2021-04-16T13:15:11.190Z,0.04039979,1018.96217,2020-03-13T02:24:16.483Z,"{'times': 2.0108911272961967, 'currency': 'usd', 'percentage': 201.08911272961967}",2025-11-13T15:23:02.495Z
binance-peg-dogecoin,doge,Binance-Peg Dogecoin,https://coin-images.coingecko.com/coins/images/15768/large/dogecoin.png?1696515392,0.175343,449621083,187,449621083,1853953,0.176785,0.167442,-2.60E-05,-0.01485,-996329.0542,-0.2211,2564518000,2564518000,,0.480585,-63.51346,2024-12-08T04:37:38.676Z,0.04955727,253.8305,2022-06-18T20:56:27.223Z,,2025-11-13T15:23:05.134Z
flow,flow,Flow,https://coin-images.coingecko.com/coins/images/13446/large/5f6294c0c7a8cda55cb1c936_Flow_Wordmark.png?1696513210,0.27752,448286858,188,448286858,12396622,0.279496,0.267461,-0.001975707,-0.70688,-3538889.482,-0.78324,1621987171,1621987171,,42.4,-99.34531,2021-04-05T13:49:10.098Z,0.156967,76.8324,2025-10-10T21:30:14.972Z,,2025-11-13T15:23:07.395Z
pendle,pendle,Pendle,https://coin-images.coingecko.com/coins/images/15069/large/Pendle_Logo_Normal-03.png?1696514728,2.66,443006238,189,749456984,53696132,2.72,2.57,-0.055557355,-2.04493,-14241754.46,-3.11467,166411707,281527448,281527448,7.5,-64.53196,2024-04-11T08:25:36.646Z,0.03377729,7779.06723,2022-11-14T20:15:58.336Z,,2025-11-13T15:23:11.049Z
helium,hnt,Helium,https://coin-images.coingecko.com/coins/images/4284/large/helium_logo_use.png?1748092589,2.35,440251146,190,526917388,10937323,2.46,2.24,0.03680929,1.58821,7458847,1.72342,186321438,223000000,223000000,54.88,-95.7062,2021-11-12T23:08:25.301Z,0.113248,1980.67056,2020-04-18T00:19:10.902Z,,2025-11-13T15:23:08.022Z
gho,gho,GHO,https://coin-images.coingecko.com/coins/images/30663/large/gho-token-logo.png?1720517092,0.998758,437799178,191,437799178,12267827,1.001,0.998247,-0.000239385,-0.02396,9605.29,0.00219,438119011,438119011,,1.03,-3.17144,2024-02-28T17:15:58.387Z,0.917065,8.73613,2023-10-24T04:41:04.568Z,,2025-11-13T15:23:07.639Z
bitcoin-avalanche-bridged-btc-b,btc.b,Avalanche Bridged BTC (Avalanche),https://coin-images.coingecko.com/coins/images/26115/large/btcb.png?1696525205,102535,433441790,192,433442329,55718662,103929,100919,-1378.774555,-1.32685,-7078717.041,-1.6069,4236,4236,,125862,-18.11708,2025-10-06T18:58:38.316Z,7806.11,1220.23792,2023-03-03T05:01:42.603Z,,2025-11-13T15:23:05.191Z
benqi-liquid-staked-avax,savax,BENQI Liquid Staked AVAX,https://coin-images.coingecko.com/coins/images/23657/large/savax_blue.png?1696522860,21.16,432705357,193,432705357,5791341,21.78,20.52,-0.200357721,-0.93782,-7970879.057,-1.80878,20505047,20505047,,103.55,-79.54079,2022-04-02T13:44:54.612Z,9.25,129.06747,2023-09-14T12:26:14.318Z,,2025-11-13T15:23:04.970Z
sun-token,sun,Sun Token,https://coin-images.coingecko.com/coins/images/12424/large/RSFOmQ.png?1696512245,0.02243933,430057301,194,446251735,31784817,0.02244535,0.02208562,-6.02E-06,-0.0268,-743213.8823,-0.17252,19178534362,19900730000,,66.45,-99.96623,2020-09-11T03:18:35.837Z,0.00462303,385.38382,2022-11-14T04:45:13.210Z,,2025-11-13T15:23:01.942Z
vaulta,a,Vaulta,https://coin-images.coingecko.com/coins/images/55616/large/Vaulta_CEX_Icon_Circle_-_cmc.png?1746859132,0.268149,429641276,195,562744395,44417870,0.274753,0.26328,-0.006581404,-2.39558,-11630764.3,-2.63574,1603297497,2100000000,2100000000,0.778734,-65.55885,2025-05-28T08:22:53.913Z,0.210085,27.66503,2025-10-10T21:43:16.339Z,,2025-11-13T15:23:02.938Z
decentraland,mana,Decentraland,https://coin-images.coingecko.com/coins/images/878/large/decentraland-mana.png?1696502010,0.224074,428798127,196,490025442,35641302,0.230186,0.216262,-0.006112145,-2.6553,-12191248.34,-2.76452,1919147678,2193179327,2193179327,5.85,-96.17091,2021-11-25T10:04:18.534Z,0.00923681,2325.43791,2017-10-31T00:00:00.000Z,"{'times': 10.20370173235048, 'currency': 'usd', 'percentage': 1020.370173235048}",2025-11-13T15:23:06.532Z
eutbl,eutbl,Spiko EU T-Bills Money Market Fund,https://coin-images.coingecko.com/coins/images/39657/large/EUTBL.png?1723517425,1.21,421011535,197,421011535,0,1.21,1.21,0.00481349,0.39886,3944989,0.94589,347494909,347494909,,1.24,-2.12935,2025-09-17T18:15:08.633Z,1.011,19.84542,2024-08-15T09:45:23.684Z,,2025-11-13T15:20:04.575Z
wrapped-hype,whype,Wrapped HYPE,https://coin-images.coingecko.com/coins/images/54469/large/_UP3jBsi_400x400.jpg?1739905920,38.73,416083568,198,416083568,172616735,39.72,37.83,-0.451748076,-1.15302,9039562,2.22078,10758111,10760335,,59.06,-34.54401,2025-09-18T03:28:29.334Z,9.43,309.80276,2025-04-07T07:00:52.802Z,,2025-11-13T15:23:03.872Z
usdd,usdd,USDD,https://coin-images.coingecko.com/coins/images/25380/large/UUSD.jpg?1696524513,1,412213707,199,412213707,2863378,1.002,0.997587,0.00066334,0.06636,9934103,2.46945,412021035,413000861,,1.052,-4.85769,2023-10-23T22:45:25.398Z,0.928067,7.82896,2022-06-19T16:15:11.558Z,,2025-11-13T15:23:02.703Z
raydium,ray,Raydium,https://coin-images.coingecko.com/coins/images/13928/large/PSigc4ie_400x400.jpg?1696513668,1.53,411323077,200,850998581,66442676,1.59,1.48,-0.028358204,-1.81448,-10082608.06,-2.39261,268254628,555000000,555000000,16.83,-90.8853,2021-09-12T20:20:23.998Z,0.134391,1041.6409,2022-12-29T22:15:53.927Z,,2025-11-13T15:23:11.676Z
usdb,usdb,USDB,https://coin-images.coingecko.com/coins/images/35595/large/65c67f0ebf2f6a1bd0feb13c_usdb-icon-yellow.png?1709255427,1.003,407036132,201,407036132,1000361,1.018,0.979179,0.01339051,1.35316,11405326,2.88282,406046632,406046632,,1.088,-7.86939,2025-03-02T16:57:39.891Z,0.831432,20.5675,2025-10-10T21:28:37.488Z,,2025-11-13T15:23:02.714Z
apenft,nft,AINFT,https://coin-images.coingecko.com/coins/images/15687/large/AINFT.png?1761099340,4.01E-07,396911997,202,396911997,38699942,4.03E-07,3.96E-07,7.68E-10,0.19199,291550,0.07351,990105667256391,990105667256391,999990000000000,7.53E-06,-94.67524,2021-09-05T00:10:47.823Z,2.99E-07,34.2172,2023-06-10T04:30:05.717Z,,2025-11-13T15:23:04.398Z
mimblewimblecoin,mwc,MimbleWimbleCoin,https://coin-images.coingecko.com/coins/images/9989/large/E5zZUXza_400x400.jpg?1696510026,34.76,383363247,203,383365639,110472,35.16,34.1,0.03256891,0.09378,-666089.0045,-0.17345,10994048,10994116,20000000,38.81,-10.4336,2025-01-31T13:06:55.142Z,0.298733,11536.44093,2019-12-05T00:00:00.000Z,,2025-11-13T15:23:09.741Z
merlin-chain,merl,Merlin Chain,https://coin-images.coingecko.com/coins/images/37118/large/merlin.jpeg?1713352230,0.364344,383239488,204,765038149,28215799,0.384998,0.358176,-0.007636103,-2.05283,-11764991.24,-2.97845,1051977508,2100000000,2100000000,1.45,-74.8897,2024-04-19T11:41:13.943Z,0.071472,409.4334,2025-04-16T17:51:33.164Z,,2025-11-13T15:23:09.667Z
arbitrum-bridged-wrapped-eeth,weeth,Arbitrum Bridged Wrapped eETH (Arbitrum),https://coin-images.coingecko.com/coins/images/69123/large/weeth.png?1757579190,3693.18,380673388,205,380673447,475139,3836.98,3641.61,-68.81246103,-1.82915,-9637338.683,-2.46915,102715,102715,,5118.5,-27.88089,2025-10-07T13:40:07.784Z,3333.92,10.72296,2025-11-04T21:45:22.075Z,,2025-11-13T15:23:04.472Z
polygon-pos-bridged-weth-polygon-pos,weth,Polygon PoS Bridged WETH (Polygon POS),https://coin-images.coingecko.com/coins/images/39708/large/WETH.PNG?1723730343,3423.27,369978176,206,369978176,19379570,3555.1,3376.34,-52.01685232,-1.49676,-7903207.588,-2.09145,108077,108104,,4948.98,-30.82572,2025-08-24T19:27:23.389Z,1390.73,146.15998,2025-04-09T01:31:27.335Z,,2025-11-13T15:23:11.774Z
aethir,ath,Aethir,https://coin-images.coingecko.com/coins/images/36179/large/logogram_circle_dark_green_vb_green_%281%29.png?1718232706,0.02459097,369028296,207,1033327237,26074186,0.02545602,0.02428604,-0.000699671,-2.76652,-12677075.25,-3.32117,14999303110,42000000000,42000000000,0.118536,-79.23735,2024-06-12T10:00:49.718Z,0.02264661,8.67493,2025-11-04T07:51:08.333Z,,2025-11-13T15:23:04.071Z
astherus-staked-bnb,asbnb,Aster Staked BNB,https://coin-images.coingecko.com/coins/images/54129/large/asBNB.png?1744789305,1015.94,361505773,208,361505773,158561,1025.68,992.54,-2.737160477,-0.2687,-1787724.655,-0.49209,355453,355453,,1446.58,-29.7652,2025-10-13T08:47:24.976Z,326.84,210.8562,2025-03-05T16:31:21.049Z,,2025-11-13T15:23:04.962Z
ape-and-pepe,apepe,Ape and Pepe,https://coin-images.coingecko.com/coins/images/39614/large/APEPE_200.png?1723142351,1.71E-06,361117723,209,361117723,32247698,1.74E-06,1.64E-06,5.24E-08,3.15306,10038297,2.85927,210000000000000,210000000000000,210000000000000,6.89E-06,-75.03755,2024-11-22T02:30:11.107Z,6.55E-07,162.5432,2025-09-17T13:43:50.892Z,,2025-11-13T15:23:04.344Z
concordium,ccd,Concordium,https://coin-images.coingecko.com/coins/images/23547/large/Concordium_Symbol_Black.png?1762090006,0.03061856,360301255,210,435500894,1686931,0.03315906,0.02976503,-0.001999875,-6.13112,-24002649.97,-6.24575,11734385830,14183507401,,0.149407,-79.44723,2022-02-10T12:22:15.949Z,0.00262306,1070.66702,2024-07-16T01:52:20.318Z,,2025-11-13T15:23:06.054Z
zksync,zk,ZKsync,https://coin-images.coingecko.com/coins/images/38043/large/ZKTokenBlack.png?1718614502,0.04961206,358114975,211,1039913439,53780720,0.050435,0.04798736,-0.000631114,-1.25612,-5636230.921,-1.54947,7231769682,21000000000,21000000000,0.320983,-84.57247,2024-06-17T07:44:40.385Z,0.02449451,102.16645,2025-10-10T21:35:23.457Z,,2025-11-13T15:23:04.171Z
just,jst,JUST,https://coin-images.coingecko.com/coins/images/11095/large/JUST.jpg?1696511035,0.03617217,357769994,212,357769994,28192902,0.03708096,0.03585879,-0.000867745,-2.34273,-9041302.387,-2.46484,9900000000,9900000000,9900000000,0.193254,-81.28198,2021-04-05T04:34:23.454Z,0.00476275,659.50596,2020-05-09T06:08:54.872Z,,2025-11-13T15:23:08.729Z
neo,neo,NEO,https://coin-images.coingecko.com/coins/images/480/large/NEO_512_512.png?1696501735,5.08,357637082,213,507070866,22957771,5.17,4.91,-0.093040395,-1.7998,-7266652.616,-1.99139,70530000,100000000,,198.38,-97.44102,2018-01-15T00:00:00.000Z,0.078349,6379.35794,2016-10-21T00:00:00.000Z,"{'times': 140.012265450818, 'currency': 'usd', 'percentage': 14001.2265450818}",2025-11-13T15:23:10.164Z
dexe,dexe,DeXe,https://coin-images.coingecko.com/coins/images/12713/large/DEXE_token_logo.png?1696512514,6.24,355109361,214,600129972,6428474,6.4,5.99,-0.027195032,-0.43381,-3724332.496,-1.0379,57103775,96504599,,32.38,-80.72124,2021-03-08T13:29:57.935Z,0.671563,829.56933,2020-11-06T19:31:40.144Z,,2025-11-13T15:23:06.465Z
ribbita-by-virtuals,tibbir,Ribbita by Virtuals,https://coin-images.coingecko.com/coins/images/54970/large/Untitled_design.png?1742941268,0.348108,348862587,215,348862587,15700826,0.383079,0.332281,-0.03497136,-9.12902,-38499459.36,-9.93888,1000000000,1000000000,1000000000,0.440027,-20.74432,2025-10-28T11:23:32.676Z,0.01032004,3279.31228,2025-04-07T07:41:29.320Z,,2025-11-13T15:23:11.931Z
apecoin,ape,ApeCoin,https://coin-images.coingecko.com/coins/images/24383/large/APECOIN.png?1756551529,0.380885,345398339,216,380116352,29671041,0.385921,0.366213,-0.00503563,-1.30483,-6489760.706,-1.84427,908664773,1000000000,1000000000,26.7,-98.57417,2022-04-28T21:44:21.164Z,0.180437,110.96104,2025-10-10T21:28:02.741Z,,2025-11-13T15:23:04.461Z
frax-ether,frxeth,Frax Ether,https://coin-images.coingecko.com/coins/images/28284/large/frxETH_icon.png?1696527284,3362.68,344849531,217,344849531,12877622,3485.67,3309.37,-65.59674185,-1.9134,-8789450.516,-2.48543,102657,102657,,4906.89,-31.25838,2025-08-24T18:42:39.945Z,1137.25,196.59978,2022-11-23T02:25:33.267Z,,2025-11-13T15:23:07.438Z
olympus,ohm,Olympus,https://coin-images.coingecko.com/coins/images/14483/large/token_OHM_%281%29.png?1696514169,21.03,344235246,218,440838472,445869,21.37,20.74,0.135598,0.64907,-85714.11299,-0.02489,16376217,20971898,20971898,1415.26,-98.51245,2021-04-25T00:00:00.000Z,7.54,179.08056,2022-11-26T16:36:26.296Z,,2025-11-13T15:23:10.423Z
mantle-restaked-eth,cmeth,Mantle Restaked ETH,https://coin-images.coingecko.com/coins/images/51114/large/symbol.png?1730117724,3697.62,340643485,219,340643485,11937660,3833.18,3649.62,-51.57664851,-1.37567,-8561469.803,-2.4517,91814,91814,,5306.91,-30.09463,2025-08-24T19:18:55.595Z,1480.7,150.54448,2025-04-09T01:30:47.033Z,,2025-11-13T15:23:09.375Z
eigenlayer,eigen,EigenCloud (prev. EigenLayer),https://coin-images.coingecko.com/coins/images/37441/large/eigencloud.jpg?1751003565,0.777853,339942864,220,1368042694,67395105,0.789824,0.734418,-0.008146729,-1.03648,-5142313.896,-1.49016,438668532,1765347486,,5.65,-86.26984,2024-12-17T03:45:30.422Z,0.668501,15.95624,2025-04-09T01:30:50.669Z,,2025-11-13T15:23:06.920Z
chiliz,chz,Chiliz,https://coin-images.coingecko.com/coins/images/8834/large/CHZ_Token_updated.png?1696508986,0.03323284,336895623,221,336895623,43326116,0.03341769,0.03191732,-4.41E-05,-0.13252,628823,0.187,10098684878,10098684878,,0.878633,-96.21418,2021-03-13T08:04:21.200Z,0.00410887,709.55202,2019-09-28T00:00:00.000Z,"{'times': 0.5105837441457082, 'currency': 'usd', 'percentage': 51.05837441457082}",2025-11-13T15:23:05.891Z
unit-bitcoin,ubtc,Unit Bitcoin,https://coin-images.coingecko.com/coins/images/55066/large/ubtc.jpg?1743580113,102458,336418504,222,2.15866E+12,94691536,103848,100837,-1371.376528,-1.32079,-3621244.08,-1.06495,3273,21000000,21000000,126087,-18.49423,2025-10-06T19:05:35.447Z,73355,40.09643,2025-04-07T06:56:28.361Z,,2025-11-13T15:23:03.079Z
falcon-finance-ff,ff,Falcon Finance,https://coin-images.coingecko.com/coins/images/69121/large/ff.png?1757573403,0.142401,335360755,223,1433165621,82875524,0.143309,0.123961,0.01282393,9.89673,30557539,10.02533,2340000000,10000000000,10000000000,0.770814,-81.43287,2025-09-29T13:02:33.857Z,0.062102,130.45556,2025-10-10T21:25:14.858Z,,2025-11-13T15:23:07.298Z
walrus-2,wal,Walrus,https://coin-images.coingecko.com/coins/images/54914/large/WAL_logo.png?1742494301,0.221813,334995182,224,1108032577,15826059,0.229124,0.217137,-0.006274968,-2.75111,-9727295.51,-2.82178,1511666667,5000000000,5000000000,0.759179,-70.84716,2025-05-14T08:10:39.605Z,0.157515,40.50904,2025-10-10T21:25:11.548Z,,2025-11-13T15:23:03.148Z
compound-governance-token,comp,Compound,https://coin-images.coingecko.com/coins/images/10775/large/COMP.png?1696510737,34.04,327103069,225,339304798,27812711,35.52,32.56,-1.414290997,-3.98923,-14506182,-4.24643,9640390,10000000,10000000,910.54,-96.25938,2021-05-12T02:29:08.794Z,22.89,48.78574,2025-10-10T21:27:52.499Z,,2025-11-13T15:23:06.134Z
gnosis,gno,Gnosis,https://coin-images.coingecko.com/coins/images/662/large/logo_square_simple_300px.png?1696501854,123.44,326722496,226,371333374,7673779,125.86,119.57,-1.621012616,-1.29622,-3947777.897,-1.19387,2639589,3000000,3000000,644.2,-80.81585,2021-11-08T17:33:29.302Z,6.88,1695.22037,2020-03-13T02:24:11.825Z,,2025-11-13T15:23:07.380Z
kinesis-gold,kau,Kinesis Gold,https://coin-images.coingecko.com/coins/images/29788/large/kau-currency-ticker.png?1696528718,135.34,322957115,227,322957115,23792639,136.4,133.09,2.25,1.68838,5255338,1.65417,2386228,2386228,,140.72,-3.82174,2025-10-20T20:15:53.754Z,44.06,207.20688,2023-04-21T21:02:50.248Z,,2025-11-13T15:23:08.809Z
swissborg,borg,SwissBorg,https://coin-images.coingecko.com/coins/images/2117/large/YJUrRy7r_400x400.png?1696503083,0.321198,316159076,228,316159076,1024483,0.340969,0.314486,-0.018878733,-5.55132,-19342344.12,-5.7652,982252443,982252443,1000000000,1.64,-80.39243,2021-05-04T17:14:50.120Z,0.00502687,6296.42932,2019-07-28T00:00:00.000Z,"{'times': 2.211979363995491, 'currency': 'usd', 'percentage': 221.1979363995491}",2025-11-13T15:23:02.025Z
arweave,ar,Arweave,https://coin-images.coingecko.com/coins/images/4343/large/oRt6SiEN_400x400.jpg?1696504946,4.78,314378893,229,314378893,69397215,5.05,4.73,-0.240299147,-4.7857,-15056113.4,-4.57028,65454186,65454186,66000000,89.24,-94.63306,2021-11-05T04:14:42.689Z,0.298788,1502.87446,2020-01-31T06:47:36.543Z,"{'times': 5.460667329752214, 'currency': 'usd', 'percentage': 546.0667329752214}",2025-11-13T15:23:04.677Z
origintrail,trac,OriginTrail,https://coin-images.coingecko.com/coins/images/1877/large/TRAC.jpg?1696502873,0.628262,313935312,230,314220023,5884947,0.68689,0.583944,-0.001192753,-0.18949,425772,0.13581,499546956,500000000,500000000,3.5,-82.0644,2021-11-03T18:09:57.627Z,0.00385262,16217.01167,2020-03-13T02:24:12.031Z,"{'times': 5.282620576196293, 'currency': 'usd', 'percentage': 528.2620576196293}",2025-11-13T15:23:10.738Z
binance-peg-busd,busd,Binance-Peg BUSD,https://coin-images.coingecko.com/coins/images/31273/large/new_binance-peg-busd.png?1696530096,1,313113578,231,313113578,4759902,1.005,0.993549,0.00157949,0.15817,485298,0.15523,312477998,312477998,,1.15,-12.76575,2025-09-21T07:13:14.819Z,0.896883,11.55131,2025-10-10T21:20:16.934Z,,2025-11-13T15:23:05.521Z
vision-3,vsn,Vision,https://coin-images.coingecko.com/coins/images/67399/large/Logo-Vision-Symbol-BG-Green.png?1752676915,0.092246,311729695,232,387842071,1956575,0.096887,0.090474,-0.004284858,-4.43883,-13377115.4,-4.11468,3375767654,4200000000,4200000000,0.223874,-58.80147,2025-08-11T11:13:12.424Z,0.090474,1.94341,2025-11-12T20:58:27.435Z,,2025-11-13T15:23:03.047Z
instadapp,fluid,Fluid,https://coin-images.coingecko.com/coins/images/14688/large/Logo_1_%28brighter%29.png?1734430693,3.98,308036822,233,397527348,5582736,4.04,3.83,-0.030451042,-0.76012,-2931103.905,-0.94257,77488209,100000000,100000000,24.4,-83.70114,2021-06-16T20:02:32.097Z,0.366538,985.03182,2022-12-28T16:20:48.360Z,,2025-11-13T15:23:08.465Z
zebec-network,zbcn,Zebec Network,https://coin-images.coingecko.com/coins/images/37052/large/zbcn.jpeg?1713168241,0.00324453,307755952,234,324537928,14918517,0.00343221,0.00322479,-0.000187682,-5.46825,-20378374.41,-6.21038,94826744230,99997660223,100000000000,0.00700261,-53.66317,2025-05-30T03:20:44.650Z,0.00069854,364.50987,2024-08-05T13:31:51.088Z,,2025-11-13T15:23:03.930Z
lorenzo-wrapped-bitcoin,enzobtc,Lorenzo Wrapped Bitcoin,https://coin-images.coingecko.com/coins/images/54447/large/enzo_btc.png?1739773963,102796,307583757,235,307583757,10665.27,103242,101449,381.39,0.37239,-24856014.27,-7.47685,3004,3004,,115819,-11.88187,2025-10-13T22:56:57.032Z,98816,3.28109,2025-11-07T12:36:37.019Z,,2025-11-13T15:23:09.223Z
wormhole,w,Wormhole,https://coin-images.coingecko.com/coins/images/35087/large/W_Token_%283%29.png?1758122686,0.062391,304771651,236,621277571,40133572,0.063824,0.059902,-0.001195091,-1.87947,-7743686.177,-2.47786,4905563406,10000000000,10000000000,1.66,-96.24547,2024-04-03T11:46:35.308Z,0.04692278,32.64265,2025-10-10T21:26:07.812Z,,2025-11-13T15:23:03.431Z
ethena-staked-ena,sena,Ethena Staked ENA,https://coin-images.coingecko.com/coins/images/50235/large/ena.png?1726630994,0.315464,304366841,237,304366841,745119,0.331046,0.300916,-0.015582239,-4.70697,-11683356.17,-3.69668,954879467,954403078,,1.31,-75.60654,2024-12-16T00:36:21.792Z,0.227519,40.06158,2025-06-22T20:25:20.581Z,,2025-11-13T15:23:07.068Z
humanity,h,Humanity,https://coin-images.coingecko.com/coins/images/66811/large/H_tokenLogo_original.png?1750581252,0.168541,303805113,238,1664685548,24427787,0.177524,0.156923,-0.008983085,-5.06022,-21728387.54,-6.6747,1825000000,10000000000,10000000000,0.388387,-57.18062,2025-10-25T09:06:05.244Z,0.01810273,818.67355,2025-06-27T01:20:39.339Z,,2025-11-13T15:23:08.197Z
euro-coin,eurc,EURC,https://coin-images.coingecko.com/coins/images/26045/large/euro.png?1696525125,1.16,301149345,239,301149345,33980656,1.16,1.16,0.00452713,0.39121,6354848,2.15569,259063166,259063166,,1.35,-14.02202,2023-03-14T09:50:50.729Z,0.052848,2099.56745,2022-12-09T03:16:34.877Z,,2025-11-13T15:23:07.210Z
basic-attention-token,bat,Basic Attention,https://coin-images.coingecko.com/coins/images/677/large/basic-attention-token.png?1696501867,0.200852,299256972,240,300114909,29763331,0.209788,0.194883,-0.00893582,-4.25946,-14400575.18,-4.59118,1495711957,1500000000,1500000000,1.9,-89.41832,2021-11-28T00:23:51.354Z,0.072394,177.80098,2017-07-16T00:00:00.000Z,"{'times': -0.6237922671697872, 'currency': 'eth', 'percentage': -62.37922671697872}",2025-11-13T15:23:09.014Z
jito-governance-token,jto,Jito,https://coin-images.coingecko.com/coins/images/33228/large/jto.png?1701137022,0.740113,296582135,241,741036656,46464405,0.769883,0.700292,-0.017408151,-2.29804,-7520090.424,-2.47288,400225998,1000000000,,6.01,-87.68656,2023-12-07T16:04:48.717Z,0.700292,5.73784,2025-11-12T19:38:15.850Z,,2025-11-13T15:23:08.789Z
janus-henderson-anemoy-treasury-fund,jtrsy,Janus Henderson Anemoy Treasury Fund,https://coin-images.coingecko.com/coins/images/70445/large/JTRSY.png?1762078582,1.085,295918884,242,295918884,0,1.085,1.085,0,0,295918884,0,272793875,272793875,,1.085,0,2025-11-13T04:05:05.827Z,1.085,0,2025-11-13T04:05:05.827Z,,2025-11-13T15:20:04.490Z
1inch,1inch,1INCH,https://coin-images.coingecko.com/coins/images/13469/large/1inch-logo.jpeg?1759404663,0.208698,292897811,243,313902848,41493384,0.220676,0.204253,-0.004810384,-2.25302,-4401306.38,-1.48043,1399626411,1500000000,1500000000,8.65,-97.58718,2021-10-27T08:24:54.808Z,0.133186,56.73382,2025-10-10T21:27:50.359Z,,2025-11-13T15:23:03.783Z
zero-gravity,0g,0G,https://coin-images.coingecko.com/coins/images/69096/large/0G_1024x1024_Circular_Outlined.png?1758637574,1.38,291105803,244,1365413616,63253044,1.39,1.29,0.01859353,1.36176,1207522,0.41653,213199722,1000000000,,7.05,-80.49072,2025-09-23T02:51:08.602Z,0.945754,45.5138,2025-11-02T19:42:33.235Z,,2025-11-13T15:23:04.025Z
ecash,xec,eCash,https://coin-images.coingecko.com/coins/images/16646/large/Logo_final-22.png?1696516207,1.43E-05,286101393,245,286101393,6944721,1.45E-05,1.40E-05,-1.38E-07,-0.95149,-3121991.665,-1.07944,19946942172580,19946948422580,21000000000000,0.00038001,-96.22989,2021-09-04T17:09:31.137Z,1.24E-05,15.25653,2025-11-04T21:46:03.769Z,,2025-11-13T15:23:06.909Z
fartcoin,fartcoin,Fartcoin,https://coin-images.coingecko.com/coins/images/50891/large/fart.jpg?1729503972,0.285366,285350087,246,285350087,77319508,0.298947,0.272689,-0.013020184,-4.36353,-14798627.93,-4.93043,999982463,999982463,1000000000,2.48,-88.49579,2025-01-19T20:41:07.782Z,0.02002855,1323.84041,2024-10-30T07:56:04.381Z,,2025-11-13T15:23:07.284Z
reserve-protocol-eth-plus,eth+,ETHPlus,https://coin-images.coingecko.com/coins/images/38061/large/ETH__Logo.png?1716440789,3618.24,285251058,247,285251058,743390,3749,3562.12,-76.73090032,-2.07663,-6726667.096,-2.30383,78845,78845,,5150.57,-29.75833,2025-08-24T18:12:08.494Z,1461.53,147.53847,2025-04-09T01:30:26.111Z,,2025-11-13T15:23:11.726Z
frax,frax,Legacy Frax Dollar,https://coin-images.coingecko.com/coins/images/13422/large/LFRAX.png?1751911193,0.995026,285227713,248,285227713,4659143,0.998099,0.992715,-0.000633594,-0.06364,-3958590.056,-1.36887,286484183,286484183,,1.14,-12.74424,2021-02-07T12:55:35.766Z,0.874536,13.78708,2023-03-11T07:50:39.316Z,,2025-11-13T15:23:07.451Z
mocaverse,moca,Moca Network,https://coin-images.coingecko.com/coins/images/37812/large/moca.jpg?1720693068,0.03980185,282896707,249,353640478,9789343,0.0402241,0.03840954,-0.000422248,-1.04974,-3590284.677,-1.25321,7110717095,8888888888,8888888888,0.477373,-91.66593,2024-12-25T03:17:29.272Z,0.03770641,5.51139,2025-11-06T16:52:10.976Z,,2025-11-13T15:23:09.863Z
wrapped-ether-mantle-bridge,weth,Mantle Bridged WETH (Mantle),https://coin-images.coingecko.com/coins/images/31013/large/weth_2.jpg?1758795984,3425.02,282100656,250,282100656,5942451,3549.66,3371.8,-38.48381356,-1.11112,-5700588.636,-1.98074,82316,82316,,4962.42,-30.55546,2025-08-24T19:24:03.164Z,1402.44,145.72466,2025-04-09T01:32:36.128Z,,2025-11-13T15:23:03.397Z
